investment_id,customer_id,investment_type,investment_amount,start_date,maturity_date
0,541,Bonds,39673,2020-08-08,2025-01-09
1,348,Stocks,65275,2023-08-22,2027-09-17
2,28,Mutual Funds,5613,2020-05-13,2025-03-02
3,521,Mutual Funds,29903,2023-06-04,2025-05-30
4,149,Stocks,96580,2022-09-02,2025-01-08
5,461,Bonds,21888,2021-04-04,2027-03-21
6,365,Stocks,86661,2024-02-22,2027-08-06
7,209,Bonds,89221,2022-02-07,2027-06-25
8,460,Stocks,67766,2023-01-13,2028-02-16
9,593,Stocks,91162,2022-01-18,2029-05-07
10,967,Bonds,86624,2023-08-31,2025-07-21
11,990,Bonds,89491,2024-06-27,2026-08-29
12,148,Stocks,36033,2022-04-22,2029-01-20
13,559,Mutual Funds,58536,2021-03-23,2028-03-21
14,202,Stocks,85449,2023-08-10,2029-03-30
15,266,Stocks,57490,2022-09-26,2029-01-05
16,307,Mutual Funds,27569,2021-06-28,2028-06-19
17,662,Stocks,28995,2022-02-25,2025-07-30
18,223,Stocks,77084,2022-12-25,2025-05-01
19,415,Stocks,27648,2022-03-01,2024-12-10
20,318,Bonds,96697,2023-02-02,2027-05-28
21,424,Stocks,30056,2023-03-25,2029-02-24
22,675,Bonds,96935,2020-10-16,2028-03-10
23,685,Bonds,39585,2022-06-24,2028-11-17
24,738,Stocks,21440,2022-02-28,2029-04-08
25,767,Bonds,6959,2023-03-13,2029-08-17
26,350,Mutual Funds,80177,2024-01-26,2026-10-07
27,946,Stocks,55533,2021-04-28,2028-03-24
28,585,Mutual Funds,95541,2024-08-12,2027-11-23
29,76,Mutual Funds,78247,2021-02-16,2027-03-18
30,707,Stocks,6123,2023-04-18,2028-07-02
31,232,Bonds,13538,2021-01-05,2026-10-10
32,77,Stocks,75724,2020-08-18,2027-01-03
33,841,Stocks,59943,2021-12-13,2024-11-24
34,341,Bonds,72505,2021-06-03,2028-11-25
35,622,Stocks,40060,2022-08-26,2025-04-03
36,306,Mutual Funds,7813,2021-09-11,2027-11-11
37,764,Bonds,16282,2021-09-17,2027-01-02
38,273,Bonds,67853,2020-10-29,2029-05-16
39,867,Bonds,48265,2020-07-23,2028-08-22
40,619,Stocks,68401,2021-10-07,2029-07-04
41,84,Mutual Funds,71313,2022-12-18,2027-09-09
42,838,Mutual Funds,79607,2021-01-31,2028-03-18
43,865,Bonds,79345,2020-07-07,2025-02-12
44,884,Mutual Funds,28152,2020-05-09,2026-12-01
45,476,Stocks,30914,2020-03-09,2027-09-22
46,705,Mutual Funds,31761,2023-08-21,2026-07-22
47,497,Bonds,61430,2023-08-28,2028-10-25
48,328,Stocks,44311,2024-01-25,2028-11-06
49,713,Bonds,40180,2020-03-31,2026-12-18
50,177,Stocks,46690,2023-02-18,2027-11-26
51,650,Mutual Funds,16344,2024-06-14,2028-10-12
52,222,Stocks,23059,2021-01-06,2025-11-16
53,546,Stocks,52782,2021-10-24,2028-03-06
54,832,Bonds,84344,2020-09-22,2028-08-16
55,682,Bonds,85707,2024-04-16,2027-02-09
56,980,Bonds,18538,2021-07-19,2026-10-09
57,398,Bonds,29157,2021-11-09,2025-08-16
58,652,Stocks,36254,2023-10-05,2026-05-12
59,87,Mutual Funds,87372,2019-11-30,2028-01-08
60,208,Bonds,65717,2020-04-30,2028-08-08
61,54,Stocks,72053,2023-02-15,2026-12-30
62,204,Mutual Funds,38592,2020-01-02,2029-09-17
63,524,Mutual Funds,88232,2021-03-17,2026-09-03
64,864,Bonds,11259,2020-07-20,2027-04-24
65,588,Mutual Funds,72453,2023-07-28,2029-02-12
66,164,Bonds,29733,2020-01-29,2026-10-11
67,231,Bonds,37451,2024-01-28,2026-05-13
68,609,Bonds,26368,2023-07-13,2028-05-01
69,683,Bonds,60511,2020-10-01,2027-02-28
70,951,Bonds,6161,2020-12-08,2026-05-12
71,331,Bonds,97134,2022-05-30,2025-11-14
72,764,Mutual Funds,58145,2021-04-02,2027-06-08
73,410,Bonds,74085,2023-05-22,2026-06-26
74,599,Bonds,24099,2023-12-03,2025-09-15
75,338,Stocks,96841,2022-03-25,2026-05-07
76,615,Bonds,16197,2023-12-19,2025-08-25
77,1,Mutual Funds,40287,2024-07-07,2027-02-07
78,138,Stocks,79841,2020-04-15,2027-08-19
79,637,Stocks,19946,2021-07-20,2027-03-13
80,617,Bonds,57573,2024-02-28,2026-05-23
81,728,Mutual Funds,56657,2023-03-06,2027-05-08
82,87,Stocks,84381,2024-08-05,2027-09-09
83,732,Bonds,43341,2024-02-26,2026-12-23
84,892,Bonds,80238,2023-09-19,2028-11-13
85,764,Mutual Funds,38620,2022-10-09,2025-02-02
86,427,Bonds,54341,2019-12-06,2025-05-31
87,654,Bonds,91903,2023-12-27,2026-02-07
88,936,Bonds,13950,2023-11-23,2029-02-26
89,933,Bonds,13926,2023-05-14,2027-08-25
90,31,Mutual Funds,9064,2021-11-02,2025-07-20
91,522,Stocks,84039,2020-02-15,2025-10-30
92,148,Mutual Funds,71391,2022-09-23,2027-09-26
93,714,Mutual Funds,13494,2022-04-22,2026-06-17
94,860,Mutual Funds,61778,2022-12-29,2025-03-06
95,977,Stocks,38933,2020-01-11,2025-01-31
96,631,Mutual Funds,78277,2020-12-02,2029-07-27
97,443,Stocks,9984,2023-12-19,2027-12-25
98,551,Stocks,78749,2024-09-20,2025-01-14
99,553,Stocks,54173,2020-12-17,2025-06-01
100,807,Bonds,22337,2024-10-03,2029-07-07
101,58,Stocks,57828,2020-06-13,2027-02-26
102,298,Mutual Funds,43517,2023-06-18,2027-11-17
103,186,Stocks,69852,2021-01-16,2026-06-12
104,529,Stocks,75581,2021-10-13,2025-07-16
105,338,Bonds,37755,2023-09-28,2027-02-01
106,725,Bonds,46916,2023-05-02,2025-02-09
107,587,Stocks,63461,2020-01-03,2028-04-19
108,719,Bonds,20831,2021-11-05,2028-09-25
109,40,Mutual Funds,9204,2020-07-01,2027-06-07
110,606,Stocks,61003,2020-12-20,2027-07-03
111,527,Mutual Funds,36149,2022-11-22,2027-05-17
112,558,Stocks,91473,2021-12-07,2025-01-01
113,666,Mutual Funds,27039,2022-08-19,2029-09-19
114,982,Bonds,91869,2020-12-27,2027-06-29
115,163,Mutual Funds,81996,2021-04-16,2026-01-09
116,411,Bonds,80825,2020-04-22,2028-02-19
117,432,Mutual Funds,30414,2019-12-03,2027-03-18
118,134,Stocks,90211,2020-12-25,2026-04-07
119,559,Bonds,86740,2021-11-30,2029-05-21
120,377,Stocks,20982,2022-03-10,2026-09-29
121,839,Mutual Funds,83006,2023-04-30,2025-07-12
122,103,Stocks,87446,2023-01-27,2026-05-16
123,369,Stocks,83686,2024-04-24,2029-08-25
124,290,Mutual Funds,11522,2023-05-07,2027-04-04
125,676,Stocks,20136,2023-09-28,2027-02-01
126,248,Bonds,94594,2020-06-14,2029-07-16
127,171,Stocks,68447,2021-10-06,2026-08-30
128,952,Mutual Funds,44718,2023-02-23,2026-03-03
129,563,Mutual Funds,29986,2019-10-09,2027-11-07
130,581,Bonds,19129,2023-07-09,2029-07-06
131,627,Mutual Funds,23576,2021-04-28,2026-11-26
132,319,Bonds,52972,2022-06-03,2026-12-27
133,559,Bonds,51743,2022-08-22,2027-05-16
134,163,Mutual Funds,64356,2019-12-22,2028-07-03
135,562,Mutual Funds,97010,2021-04-21,2029-03-17
136,424,Stocks,70360,2021-06-11,2025-05-16
137,926,Stocks,32005,2022-02-09,2025-02-06
138,601,Stocks,98774,2019-12-22,2029-03-08
139,435,Bonds,54312,2019-11-04,2028-07-04
140,892,Stocks,12108,2020-08-29,2025-06-22
141,794,Stocks,87881,2023-09-23,2025-07-09
142,84,Bonds,72333,2023-09-20,2027-10-10
143,791,Bonds,96374,2021-08-20,2027-06-06
144,714,Mutual Funds,89413,2024-09-14,2027-08-10
145,921,Mutual Funds,65557,2023-06-20,2028-05-13
146,727,Mutual Funds,93894,2021-07-23,2029-08-27
147,793,Mutual Funds,41817,2024-04-06,2028-01-09
148,842,Mutual Funds,42170,2022-11-28,2026-04-12
149,41,Bonds,41388,2019-10-07,2027-09-20
150,854,Bonds,59252,2022-02-24,2025-01-26
151,964,Mutual Funds,5903,2022-11-22,2026-02-04
152,325,Bonds,19533,2020-09-13,2026-03-14
153,339,Stocks,85872,2020-06-15,2025-02-11
154,827,Bonds,73588,2021-07-26,2024-12-01
155,952,Mutual Funds,87875,2023-11-05,2027-02-21
156,560,Mutual Funds,9568,2023-10-11,2028-10-26
157,978,Mutual Funds,74498,2023-07-03,2027-11-19
158,286,Stocks,57831,2021-06-28,2027-08-29
159,426,Bonds,65769,2020-06-01,2028-03-05
160,684,Mutual Funds,97894,2022-12-27,2028-12-02
161,257,Stocks,33527,2020-02-13,2024-11-22
162,411,Bonds,58344,2024-03-25,2027-04-12
163,71,Stocks,45982,2022-09-01,2026-10-22
164,977,Bonds,22651,2022-03-04,2026-03-29
165,134,Mutual Funds,42272,2022-03-23,2025-05-14
166,22,Bonds,65079,2023-09-17,2026-04-26
167,344,Stocks,23710,2020-07-30,2025-09-04
168,334,Bonds,59805,2023-11-14,2026-01-23
169,250,Stocks,56236,2022-06-26,2028-04-27
170,848,Stocks,41550,2020-03-10,2025-04-05
171,784,Stocks,42824,2020-11-11,2027-09-07
172,319,Mutual Funds,7212,2023-03-08,2029-04-15
173,163,Bonds,96439,2021-04-14,2027-06-12
174,823,Mutual Funds,77796,2024-03-20,2026-05-26
175,556,Stocks,41563,2023-01-18,2029-04-15
176,50,Stocks,50834,2022-11-10,2027-10-15
177,138,Mutual Funds,12681,2019-10-15,2025-02-25
178,676,Bonds,90764,2021-03-05,2028-09-22
179,106,Stocks,94898,2024-09-25,2029-08-12
180,357,Stocks,99610,2021-01-04,2029-09-24
181,222,Stocks,76163,2020-12-17,2028-08-28
182,487,Mutual Funds,90292,2024-03-06,2027-01-05
183,726,Stocks,8767,2024-10-01,2027-02-22
184,948,Mutual Funds,92413,2024-03-03,2027-03-11
185,593,Bonds,21140,2024-08-27,2029-09-11
186,528,Stocks,49506,2021-08-29,2026-07-13
187,930,Mutual Funds,22408,2021-04-06,2027-10-09
188,211,Stocks,32137,2022-06-23,2027-03-20
189,217,Mutual Funds,12452,2022-06-01,2029-01-21
190,550,Stocks,91061,2022-05-22,2026-02-04
191,141,Bonds,98773,2024-09-03,2026-01-12
192,418,Bonds,33429,2021-07-17,2029-09-24
193,27,Stocks,15527,2023-07-29,2028-07-10
194,358,Bonds,35240,2021-02-09,2026-10-06
195,512,Bonds,45415,2020-11-01,2027-07-27
196,63,Mutual Funds,70423,2022-05-15,2028-05-06
197,789,Stocks,60179,2023-08-10,2028-04-26
198,530,Stocks,64984,2022-06-21,2026-01-11
199,365,Stocks,32180,2021-01-08,2026-06-09
200,461,Mutual Funds,12293,2023-09-17,2025-05-28
201,161,Bonds,61355,2021-09-18,2027-12-26
202,470,Mutual Funds,73364,2022-04-26,2026-06-21
203,114,Stocks,91539,2022-03-30,2025-01-15
204,732,Mutual Funds,22919,2022-04-15,2028-01-26
205,535,Mutual Funds,74386,2020-12-27,2028-05-29
206,819,Bonds,18707,2020-12-30,2025-03-09
207,370,Stocks,22465,2021-02-13,2029-09-04
208,484,Mutual Funds,12439,2022-06-03,2024-10-07
209,96,Stocks,38343,2021-09-29,2028-01-20
210,446,Mutual Funds,96049,2024-05-04,2025-06-14
211,424,Mutual Funds,84515,2024-04-27,2026-11-29
212,759,Bonds,88034,2024-02-28,2025-12-09
213,69,Stocks,53443,2023-12-09,2025-08-16
214,773,Bonds,58576,2023-03-14,2025-05-22
215,310,Stocks,86750,2021-05-22,2028-05-21
216,123,Mutual Funds,69477,2020-05-23,2025-08-11
217,146,Stocks,15891,2023-11-01,2028-08-25
218,980,Stocks,27881,2020-12-23,2028-01-03
219,573,Mutual Funds,17649,2024-09-14,2027-04-11
220,822,Stocks,72054,2021-12-19,2025-04-26
221,12,Mutual Funds,68060,2023-05-12,2025-07-26
222,319,Mutual Funds,37750,2020-01-15,2029-05-09
223,764,Mutual Funds,68915,2019-11-02,2027-03-01
224,471,Bonds,23541,2020-09-26,2026-02-23
225,182,Bonds,64223,2021-07-24,2027-04-24
226,486,Mutual Funds,43112,2024-07-15,2028-06-18
227,410,Stocks,91374,2021-05-22,2025-08-10
228,985,Bonds,57959,2021-03-01,2027-12-16
229,466,Mutual Funds,39558,2022-05-11,2026-07-26
230,930,Mutual Funds,48833,2022-02-07,2028-08-03
231,440,Mutual Funds,29547,2023-10-28,2026-11-11
232,94,Stocks,65340,2021-12-04,2027-09-17
233,274,Mutual Funds,52348,2022-10-07,2028-11-27
234,210,Mutual Funds,16454,2023-11-05,2029-06-13
235,678,Stocks,26257,2020-11-22,2028-01-07
236,891,Stocks,35534,2023-01-26,2026-07-12
237,235,Mutual Funds,68770,2020-11-18,2027-01-14
238,420,Stocks,28627,2020-05-15,2029-02-14
239,988,Stocks,47884,2022-09-14,2026-05-18
240,139,Stocks,61413,2024-05-21,2027-07-06
241,303,Stocks,5096,2022-12-25,2028-05-28
242,603,Bonds,60660,2020-09-16,2025-04-11
243,887,Bonds,62273,2023-03-08,2027-04-03
244,23,Bonds,33014,2024-08-04,2028-05-27
245,430,Mutual Funds,87691,2023-09-08,2025-12-27
246,113,Bonds,93019,2023-04-06,2027-09-05
247,17,Stocks,97162,2020-04-26,2028-09-26
248,445,Bonds,42655,2021-05-03,2028-01-07
249,954,Stocks,9805,2024-05-29,2028-01-24
250,159,Mutual Funds,82848,2021-05-14,2028-04-28
251,174,Stocks,98335,2022-04-01,2025-09-05
252,938,Bonds,11745,2020-07-20,2028-09-10
253,925,Bonds,69404,2023-03-13,2027-09-14
254,807,Mutual Funds,74442,2019-12-06,2028-08-11
255,320,Mutual Funds,23889,2021-05-13,2025-02-01
256,588,Stocks,19393,2020-07-25,2028-03-30
257,551,Mutual Funds,27839,2022-07-07,2024-10-22
258,533,Mutual Funds,85722,2023-09-27,2029-07-03
259,142,Mutual Funds,43815,2023-10-16,2027-06-09
260,385,Bonds,30889,2023-04-07,2027-06-30
261,15,Stocks,18558,2023-03-06,2025-04-18
262,215,Mutual Funds,53282,2021-03-15,2027-05-08
263,959,Stocks,75397,2023-11-11,2026-09-29
264,946,Bonds,37770,2022-09-21,2027-10-03
265,542,Mutual Funds,24693,2024-04-27,2026-02-19
266,412,Mutual Funds,73086,2020-12-05,2028-10-08
267,100,Stocks,66109,2024-06-18,2025-06-09
268,933,Stocks,78610,2023-07-11,2029-09-14
269,383,Mutual Funds,32433,2023-10-16,2025-10-04
270,112,Bonds,32891,2021-04-18,2026-11-01
271,481,Stocks,48165,2020-02-20,2025-10-27
272,629,Stocks,63981,2023-04-20,2027-10-20
273,842,Stocks,79773,2023-10-04,2028-02-21
274,97,Mutual Funds,88854,2024-03-12,2025-03-06
275,907,Mutual Funds,8849,2022-01-06,2025-07-18
276,147,Bonds,97890,2022-07-18,2028-04-18
277,595,Stocks,88823,2022-10-24,2025-11-22
278,654,Stocks,19836,2020-07-06,2025-06-27
279,464,Stocks,9298,2024-07-01,2027-10-19
280,401,Mutual Funds,52683,2021-07-20,2027-08-20
281,449,Bonds,36741,2024-05-14,2027-02-28
282,216,Bonds,37034,2020-10-04,2026-12-04
283,428,Stocks,8580,2019-12-13,2024-12-01
284,517,Bonds,15799,2021-10-26,2026-05-13
285,303,Bonds,38418,2022-12-16,2025-02-18
286,607,Mutual Funds,25020,2022-04-19,2025-12-06
287,724,Bonds,58397,2024-03-07,2025-06-26
288,565,Stocks,65573,2021-10-12,2025-04-30
289,241,Stocks,54064,2020-06-05,2028-02-16
290,775,Stocks,20077,2024-09-13,2025-11-11
291,321,Stocks,20417,2023-07-29,2026-05-02
292,670,Mutual Funds,22874,2023-10-07,2024-11-27
293,423,Mutual Funds,62384,2023-03-30,2026-07-20
294,796,Stocks,92160,2022-12-19,2029-08-06
295,927,Bonds,93611,2024-04-17,2024-12-19
296,939,Stocks,34086,2022-08-20,2028-06-24
297,276,Bonds,37274,2022-01-21,2027-09-09
298,342,Bonds,24079,2024-01-14,2024-12-19
299,512,Stocks,9638,2020-12-20,2027-07-04
300,749,Stocks,16392,2021-11-03,2025-10-03
301,958,Bonds,64569,2020-05-22,2025-12-08
302,118,Bonds,17601,2024-04-08,2027-06-01
303,428,Mutual Funds,86529,2020-09-25,2028-06-03
304,566,Stocks,73460,2023-07-13,2028-12-30
305,535,Mutual Funds,6673,2023-08-21,2028-12-20
306,576,Mutual Funds,52943,2019-12-13,2028-07-17
307,654,Mutual Funds,56110,2022-07-05,2026-02-18
308,772,Mutual Funds,72795,2024-07-26,2027-10-19
309,296,Bonds,48766,2021-12-16,2026-06-07
310,810,Bonds,38414,2022-04-20,2026-11-28
311,195,Stocks,73728,2024-06-03,2027-09-23
312,924,Bonds,22353,2020-11-12,2027-08-19
313,7,Bonds,48397,2022-11-24,2028-03-19
314,824,Stocks,65527,2023-07-22,2026-01-19
315,110,Stocks,16213,2022-12-16,2026-08-26
316,194,Mutual Funds,18980,2021-01-29,2025-10-22
317,595,Stocks,61254,2022-08-25,2025-06-02
318,887,Mutual Funds,65941,2023-12-16,2026-04-29
319,639,Bonds,58000,2023-09-10,2029-01-24
320,13,Mutual Funds,90156,2022-09-14,2026-05-26
321,786,Stocks,34470,2024-03-04,2026-03-18
322,252,Stocks,17543,2023-05-25,2028-08-31
323,583,Stocks,97261,2019-12-24,2029-04-26
324,196,Bonds,21052,2022-01-15,2028-02-04
325,550,Mutual Funds,47551,2019-10-23,2029-01-20
326,302,Bonds,68482,2020-04-16,2028-10-12
327,735,Stocks,53908,2020-06-29,2027-08-26
328,799,Mutual Funds,83452,2019-11-25,2029-09-26
329,472,Mutual Funds,78523,2023-07-22,2026-09-19
330,135,Bonds,88689,2023-03-15,2026-09-01
331,242,Bonds,63200,2019-11-27,2025-01-13
332,101,Mutual Funds,6763,2022-06-08,2028-08-17
333,358,Stocks,31468,2022-11-21,2026-06-17
334,822,Mutual Funds,32262,2021-10-28,2027-05-20
335,203,Bonds,20521,2022-07-11,2027-04-10
336,949,Mutual Funds,54575,2022-05-17,2026-02-09
337,341,Bonds,46555,2023-06-19,2025-08-06
338,662,Stocks,83063,2020-12-12,2027-01-24
339,855,Stocks,46151,2024-06-26,2028-04-30
340,770,Mutual Funds,89980,2020-10-12,2027-12-03
341,915,Mutual Funds,97597,2024-09-15,2026-10-29
342,513,Stocks,8455,2022-02-21,2028-04-21
343,699,Bonds,14912,2021-06-16,2029-03-04
344,332,Bonds,38079,2020-11-24,2025-07-15
345,768,Bonds,89431,2023-01-28,2026-05-17
346,156,Bonds,92531,2024-03-25,2025-02-05
347,890,Mutual Funds,84509,2021-03-28,2026-09-12
348,4,Mutual Funds,39455,2021-09-14,2027-08-11
349,203,Mutual Funds,90123,2024-07-18,2025-12-20
350,316,Bonds,37425,2023-02-12,2027-06-27
351,692,Bonds,79516,2023-11-11,2028-02-24
352,355,Mutual Funds,90684,2020-06-10,2027-08-02
353,328,Mutual Funds,31912,2022-03-08,2029-05-25
354,222,Stocks,84916,2023-11-06,2029-06-02
355,303,Bonds,47794,2022-08-17,2024-11-09
356,46,Bonds,72790,2023-10-11,2028-06-01
357,826,Bonds,44476,2021-11-11,2029-02-05
358,975,Mutual Funds,81948,2021-08-28,2026-09-20
359,248,Mutual Funds,57704,2020-08-20,2028-08-31
360,736,Bonds,55877,2021-03-27,2029-05-02
361,667,Bonds,55409,2021-03-15,2024-11-22
362,231,Bonds,74887,2023-07-25,2025-12-17
363,198,Stocks,66435,2022-04-14,2029-07-04
364,80,Stocks,55593,2019-11-13,2024-10-14
365,781,Stocks,9935,2020-05-25,2028-06-01
366,938,Mutual Funds,65118,2023-04-13,2028-11-22
367,60,Stocks,21538,2020-01-31,2025-12-05
368,534,Mutual Funds,44436,2021-06-20,2025-01-07
369,61,Stocks,81246,2021-05-14,2024-11-16
370,209,Bonds,23262,2020-10-23,2025-11-08
371,784,Mutual Funds,30648,2020-11-04,2025-03-21
372,923,Mutual Funds,88499,2021-06-07,2029-07-11
373,853,Mutual Funds,33897,2022-04-22,2029-01-04
374,894,Mutual Funds,97566,2024-04-09,2026-09-17
375,221,Mutual Funds,77734,2023-10-23,2029-09-13
376,330,Mutual Funds,18898,2023-11-26,2024-10-22
377,942,Bonds,73534,2022-03-01,2026-06-14
378,610,Mutual Funds,83984,2024-09-14,2029-03-18
379,799,Mutual Funds,59515,2022-02-07,2028-08-27
380,832,Stocks,95208,2020-09-27,2025-07-02
381,602,Bonds,10438,2023-04-25,2026-07-20
382,686,Mutual Funds,68742,2024-01-09,2028-09-06
383,108,Mutual Funds,48422,2020-07-19,2028-09-03
384,97,Mutual Funds,79879,2020-02-22,2027-02-16
385,976,Mutual Funds,95854,2024-08-25,2026-07-30
386,167,Stocks,35364,2023-01-06,2028-12-21
387,191,Stocks,78945,2020-08-08,2027-08-18
388,193,Bonds,37820,2021-05-30,2024-10-10
389,517,Stocks,28266,2022-04-26,2028-01-18
390,25,Mutual Funds,46581,2021-05-24,2025-01-27
391,854,Bonds,38528,2021-09-09,2025-09-16
392,301,Stocks,24841,2024-07-21,2025-09-20
393,605,Mutual Funds,63986,2023-11-15,2026-04-09
394,632,Mutual Funds,54253,2020-06-12,2028-04-27
395,996,Stocks,17617,2023-06-03,2026-10-16
396,660,Stocks,32266,2020-08-10,2026-08-11
397,633,Mutual Funds,24689,2020-07-12,2028-11-19
398,963,Bonds,70402,2022-04-14,2026-11-15
399,373,Stocks,7495,2022-05-20,2026-12-07
400,435,Bonds,67453,2020-06-01,2027-01-10
401,244,Mutual Funds,30098,2022-01-24,2028-11-16
402,967,Mutual Funds,94331,2024-07-29,2026-10-19
403,84,Stocks,65396,2022-02-20,2029-09-26
404,693,Mutual Funds,6895,2021-10-04,2028-12-01
405,204,Mutual Funds,92568,2024-09-21,2027-12-10
406,880,Mutual Funds,77138,2022-01-10,2029-01-25
407,261,Bonds,89146,2020-06-08,2028-04-28
408,347,Stocks,51728,2024-05-29,2027-10-17
409,370,Mutual Funds,68543,2021-06-22,2027-03-21
410,423,Bonds,76188,2019-12-19,2027-01-22
411,738,Stocks,60863,2024-03-05,2027-10-24
412,132,Bonds,54010,2022-11-07,2026-07-06
413,957,Mutual Funds,40705,2021-04-26,2026-02-14
414,51,Bonds,68551,2024-03-23,2026-03-05
415,160,Stocks,76187,2020-08-16,2029-07-19
416,237,Bonds,22085,2022-02-12,2028-03-12
417,223,Bonds,93248,2024-07-15,2029-01-05
418,395,Mutual Funds,99684,2021-10-05,2028-10-25
419,240,Mutual Funds,43530,2022-11-03,2028-06-18
420,196,Mutual Funds,5434,2022-12-04,2028-03-31
421,608,Stocks,7498,2021-05-02,2028-05-17
422,629,Bonds,24032,2020-12-14,2028-10-09
423,686,Stocks,12244,2019-10-07,2028-01-17
424,539,Stocks,57694,2020-04-29,2026-05-30
425,381,Mutual Funds,5273,2021-09-03,2025-11-07
426,918,Bonds,30133,2021-12-22,2029-06-24
427,278,Mutual Funds,9648,2024-03-18,2026-09-05
428,184,Mutual Funds,8235,2023-05-25,2029-08-16
429,424,Stocks,89576,2022-07-04,2025-11-18
430,438,Mutual Funds,31130,2024-06-20,2026-02-23
431,154,Bonds,99908,2020-04-08,2026-04-08
432,792,Stocks,12300,2022-04-11,2026-09-20
433,576,Stocks,44458,2019-11-30,2025-03-01
434,24,Bonds,57809,2023-08-06,2027-09-28
435,131,Mutual Funds,81251,2021-04-08,2026-01-30
436,199,Bonds,73905,2022-12-12,2025-11-19
437,21,Stocks,85306,2023-08-06,2028-12-31
438,898,Stocks,60482,2019-12-13,2026-07-01
439,228,Stocks,20519,2021-02-07,2027-07-13
440,584,Stocks,81320,2020-11-26,2027-07-04
441,119,Mutual Funds,26478,2022-05-23,2028-06-14
442,113,Bonds,29909,2022-09-15,2026-02-19
443,106,Bonds,20336,2020-02-26,2028-12-19
444,895,Bonds,95800,2022-03-20,2027-11-04
445,722,Mutual Funds,95495,2023-03-08,2029-05-23
446,239,Bonds,85130,2022-04-19,2026-11-23
447,655,Bonds,65561,2024-09-30,2026-12-29
448,145,Mutual Funds,60411,2022-10-24,2025-04-03
449,364,Bonds,67996,2022-10-14,2029-05-12
450,601,Mutual Funds,51291,2024-09-30,2027-11-01
451,156,Stocks,35710,2022-11-27,2029-01-21
452,756,Bonds,51851,2021-01-06,2025-01-29
453,553,Mutual Funds,32175,2024-07-09,2027-09-16
454,471,Mutual Funds,17310,2020-08-31,2025-09-07
455,278,Mutual Funds,49352,2024-01-11,2027-11-13
456,348,Bonds,79702,2019-10-14,2026-10-19
457,269,Stocks,85816,2022-09-06,2029-05-06
458,117,Bonds,70478,2021-09-17,2028-04-10
459,528,Stocks,93563,2024-03-19,2026-06-13
460,943,Bonds,82656,2023-01-15,2029-03-06
461,732,Stocks,78706,2022-06-16,2024-10-04
462,736,Stocks,41518,2022-03-05,2028-05-03
463,427,Mutual Funds,25903,2022-07-24,2025-05-26
464,226,Bonds,40633,2023-11-06,2025-09-08
465,125,Mutual Funds,38958,2024-01-06,2024-12-19
466,865,Bonds,39060,2022-10-08,2026-11-02
467,126,Bonds,85436,2021-04-05,2027-10-04
468,117,Mutual Funds,57681,2024-02-22,2028-12-01
469,355,Stocks,10284,2019-10-11,2028-11-17
470,21,Stocks,86272,2023-08-07,2024-10-06
471,340,Mutual Funds,69079,2022-08-15,2028-10-02
472,572,Bonds,89853,2022-05-06,2026-11-07
473,504,Mutual Funds,33266,2021-04-06,2026-04-11
474,310,Bonds,97675,2022-11-07,2027-06-29
475,882,Mutual Funds,12142,2020-09-12,2029-08-17
476,248,Mutual Funds,9234,2024-02-26,2026-12-03
477,475,Stocks,5986,2024-04-20,2028-11-14
478,694,Bonds,69375,2022-01-29,2028-04-17
479,347,Stocks,70512,2022-05-06,2027-03-27
480,500,Stocks,42674,2024-05-21,2026-08-26
481,252,Bonds,12801,2020-12-21,2028-11-14
482,834,Mutual Funds,76492,2020-09-13,2028-02-10
483,974,Stocks,94098,2022-09-15,2025-02-08
484,945,Stocks,54049,2022-12-29,2028-05-15
485,226,Mutual Funds,74200,2023-10-29,2025-11-06
486,990,Mutual Funds,28136,2020-10-26,2027-07-05
487,500,Bonds,92011,2024-06-14,2027-05-22
488,205,Bonds,48359,2020-06-19,2027-07-24
489,35,Stocks,10055,2020-02-27,2025-12-30
490,233,Bonds,83288,2023-03-09,2027-01-22
491,178,Mutual Funds,25755,2024-05-29,2026-01-01
492,233,Mutual Funds,75142,2021-07-01,2026-04-27
493,398,Mutual Funds,20917,2023-12-28,2029-05-28
494,922,Stocks,28602,2022-05-05,2025-03-28
495,371,Stocks,11026,2022-02-13,2027-02-23
496,93,Bonds,78176,2022-05-04,2025-08-02
497,702,Mutual Funds,71282,2022-11-19,2026-05-23
498,34,Bonds,61528,2021-01-24,2028-12-12
499,298,Stocks,56389,2024-06-20,2027-11-25
500,913,Stocks,14221,2019-12-07,2026-11-27
501,486,Stocks,37797,2022-11-06,2026-08-25
502,485,Stocks,45380,2024-01-09,2028-01-19
503,949,Stocks,11018,2020-08-01,2025-06-08
504,255,Stocks,61934,2022-05-02,2029-10-01
505,602,Mutual Funds,35651,2023-06-21,2029-07-16
506,793,Mutual Funds,29540,2020-06-02,2029-01-15
507,0,Mutual Funds,30848,2024-08-05,2029-08-10
508,461,Bonds,63556,2021-05-28,2026-07-17
509,549,Stocks,60832,2022-06-05,2028-01-05
510,220,Stocks,95930,2023-10-18,2028-04-17
511,238,Bonds,22361,2020-05-03,2027-06-29
512,416,Mutual Funds,41497,2022-03-17,2025-11-19
513,614,Mutual Funds,61884,2022-07-27,2027-12-28
514,526,Mutual Funds,21830,2022-01-30,2029-09-09
515,206,Mutual Funds,46933,2023-03-26,2026-06-28
516,92,Bonds,52654,2022-08-31,2025-05-23
517,235,Bonds,62374,2023-08-05,2028-03-07
518,220,Mutual Funds,8891,2024-03-04,2026-04-22
519,750,Stocks,75573,2024-03-20,2026-01-25
520,723,Mutual Funds,10316,2024-09-02,2029-04-01
521,366,Mutual Funds,22340,2020-03-07,2028-06-04
522,153,Mutual Funds,90074,2022-06-26,2029-06-17
523,735,Stocks,12740,2021-10-20,2028-12-09
524,459,Mutual Funds,19451,2024-08-05,2029-09-28
525,153,Mutual Funds,68417,2023-05-03,2028-04-02
526,593,Stocks,76643,2023-02-11,2026-03-09
527,487,Bonds,33775,2022-10-22,2025-07-26
528,878,Mutual Funds,99843,2021-11-10,2028-05-06
529,99,Mutual Funds,78953,2021-03-29,2028-05-10
530,555,Stocks,38023,2021-07-15,2027-12-02
531,682,Mutual Funds,93353,2022-12-15,2028-05-03
532,641,Mutual Funds,20614,2023-08-07,2025-03-17
533,786,Bonds,81307,2024-06-06,2025-09-28
534,166,Bonds,76725,2021-12-08,2025-10-01
535,233,Stocks,5581,2020-11-28,2027-10-31
536,554,Mutual Funds,50309,2024-05-31,2025-11-19
537,211,Stocks,77514,2023-09-17,2026-12-19
538,31,Bonds,57351,2023-08-14,2027-02-06
539,896,Bonds,63204,2024-09-02,2024-12-12
540,578,Bonds,58177,2023-01-18,2026-02-13
541,68,Mutual Funds,91356,2023-05-14,2028-10-02
542,263,Mutual Funds,22406,2022-12-06,2025-02-05
543,941,Stocks,40020,2022-04-18,2027-08-24
544,460,Stocks,49856,2021-12-04,2024-12-17
545,607,Mutual Funds,33679,2021-11-21,2027-07-30
546,916,Bonds,89745,2023-01-29,2027-07-12
547,514,Mutual Funds,64056,2021-01-13,2025-05-21
548,224,Bonds,47260,2020-02-10,2024-11-13
549,836,Bonds,93933,2021-11-08,2025-01-07
550,152,Mutual Funds,22891,2020-10-05,2025-09-16
551,412,Bonds,62522,2022-10-19,2026-12-12
552,26,Bonds,31562,2021-03-17,2024-10-23
553,78,Bonds,77089,2022-07-11,2027-07-11
554,318,Stocks,42209,2022-09-27,2025-06-09
555,475,Stocks,37742,2023-01-13,2028-03-12
556,656,Bonds,34881,2021-01-25,2029-04-29
557,767,Mutual Funds,33073,2020-01-29,2025-02-06
558,157,Stocks,47851,2024-04-11,2025-01-21
559,18,Bonds,15036,2022-06-27,2027-02-03
560,71,Bonds,50311,2020-06-23,2027-06-25
561,254,Bonds,98750,2019-12-26,2026-12-18
562,405,Mutual Funds,13771,2022-08-15,2026-08-20
563,928,Mutual Funds,27337,2020-05-07,2029-08-31
564,610,Stocks,37630,2020-10-15,2026-07-26
565,429,Mutual Funds,66644,2019-10-18,2029-03-04
566,359,Stocks,40927,2021-12-01,2026-04-18
567,970,Stocks,66268,2020-12-21,2026-03-16
568,547,Mutual Funds,23399,2022-02-13,2028-07-21
569,709,Bonds,24295,2021-12-17,2026-12-08
570,477,Mutual Funds,27620,2021-01-20,2028-11-16
571,60,Stocks,23503,2024-05-26,2027-06-19
572,397,Bonds,63822,2023-09-05,2028-04-10
573,27,Stocks,71240,2020-07-01,2026-09-28
574,155,Bonds,14477,2020-09-08,2028-08-05
575,992,Stocks,16430,2022-07-26,2024-12-11
576,904,Bonds,67302,2020-10-20,2029-03-15
577,506,Bonds,37264,2021-01-06,2029-09-16
578,791,Stocks,39645,2020-05-30,2024-11-18
579,388,Bonds,57594,2020-08-04,2025-05-10
580,301,Mutual Funds,16312,2019-11-23,2027-07-23
581,926,Bonds,89944,2019-12-10,2026-12-11
582,756,Bonds,66271,2023-01-15,2025-04-17
583,432,Mutual Funds,92120,2024-05-19,2024-10-15
584,296,Stocks,11857,2024-02-25,2025-08-08
585,914,Bonds,7502,2023-03-23,2025-05-09
586,900,Stocks,52219,2023-11-06,2026-08-31
587,415,Bonds,47681,2024-06-18,2025-01-11
588,989,Bonds,82882,2021-07-26,2027-04-03
589,254,Stocks,49859,2024-07-30,2025-03-01
590,265,Bonds,65424,2023-02-03,2026-05-02
591,960,Stocks,22529,2020-03-03,2028-07-24
592,232,Bonds,76352,2024-04-26,2027-11-27
593,778,Stocks,21518,2024-02-22,2026-10-31
594,734,Mutual Funds,52558,2021-04-27,2025-06-05
595,542,Stocks,79829,2022-05-23,2027-10-06
596,635,Mutual Funds,54574,2024-06-30,2025-09-05
597,926,Bonds,11552,2020-05-14,2028-08-17
598,177,Mutual Funds,45668,2021-10-01,2028-07-22
599,882,Stocks,50387,2020-10-10,2029-03-23
600,89,Stocks,51827,2021-09-24,2027-02-24
601,625,Bonds,73425,2024-08-15,2029-07-26
602,200,Bonds,94240,2022-07-21,2028-01-27
603,326,Bonds,18756,2020-03-24,2024-12-01
604,965,Stocks,63122,2023-05-19,2029-04-18
605,866,Mutual Funds,63364,2023-11-25,2029-07-18
606,350,Mutual Funds,51599,2023-12-10,2029-09-23
607,317,Mutual Funds,62141,2021-10-05,2027-09-28
608,787,Bonds,25274,2023-12-24,2028-02-02
609,152,Stocks,47237,2019-11-08,2028-02-03
610,477,Bonds,8408,2021-01-05,2025-01-13
611,179,Bonds,87485,2021-03-14,2025-10-03
612,556,Mutual Funds,98645,2023-07-26,2024-11-15
613,705,Bonds,16949,2020-11-22,2025-05-27
614,690,Bonds,44548,2022-01-14,2029-03-11
615,226,Stocks,40765,2023-12-14,2028-03-27
616,887,Bonds,42732,2020-07-22,2028-05-16
617,418,Bonds,83838,2021-01-21,2027-04-27
618,697,Stocks,41235,2019-11-07,2026-03-04
619,553,Bonds,84564,2020-03-13,2025-02-21
620,78,Stocks,47212,2020-07-04,2028-02-25
621,304,Mutual Funds,33359,2022-11-22,2026-03-29
622,851,Stocks,35681,2024-02-27,2027-11-18
623,286,Bonds,29513,2023-01-07,2028-10-07
624,559,Bonds,13285,2021-02-11,2027-04-11
625,257,Stocks,54749,2022-01-02,2027-04-19
626,85,Bonds,12477,2021-03-26,2028-12-25
627,24,Bonds,71188,2023-12-26,2026-03-21
628,857,Stocks,13751,2022-07-11,2025-10-27
629,802,Stocks,33037,2023-08-13,2026-11-08
630,367,Bonds,34710,2022-06-01,2027-09-21
631,543,Mutual Funds,24065,2021-05-26,2029-06-09
632,433,Mutual Funds,95192,2022-09-22,2026-02-21
633,234,Bonds,61328,2022-10-02,2028-06-02
634,111,Bonds,10310,2023-06-19,2026-02-06
635,294,Bonds,22897,2022-01-17,2028-07-31
636,798,Bonds,96152,2022-09-06,2024-11-25
637,272,Mutual Funds,23825,2024-09-18,2026-01-05
638,903,Mutual Funds,45592,2024-06-28,2025-03-28
639,115,Stocks,43361,2021-07-18,2026-08-21
640,933,Bonds,68983,2022-10-29,2025-11-07
641,938,Stocks,60002,2022-09-19,2028-05-27
642,323,Bonds,44717,2020-08-13,2026-07-10
643,251,Mutual Funds,43498,2020-05-23,2027-10-09
644,551,Mutual Funds,90570,2024-06-28,2028-06-28
645,749,Stocks,59867,2023-06-29,2029-03-12
646,658,Bonds,30407,2023-05-05,2026-03-16
647,22,Mutual Funds,32604,2023-09-03,2027-01-29
648,433,Bonds,37451,2021-05-21,2026-01-19
649,618,Bonds,24220,2022-02-04,2027-01-27
650,727,Mutual Funds,89119,2021-08-25,2028-12-09
651,262,Bonds,24932,2022-02-18,2026-03-18
652,5,Bonds,23591,2020-07-23,2027-08-04
653,735,Bonds,59307,2023-05-19,2028-04-16
654,353,Mutual Funds,69728,2022-11-21,2025-04-18
655,451,Stocks,57595,2021-09-09,2026-02-10
656,339,Mutual Funds,52190,2021-05-06,2029-01-11
657,290,Stocks,59910,2022-09-11,2026-06-17
658,334,Bonds,25919,2024-07-30,2028-07-23
659,188,Mutual Funds,55890,2023-09-18,2026-09-21
660,173,Stocks,45463,2023-06-07,2025-06-12
661,789,Stocks,86439,2022-07-01,2025-12-20
662,883,Stocks,26761,2022-06-15,2028-07-19
663,287,Mutual Funds,56979,2021-11-17,2026-01-18
664,475,Mutual Funds,49627,2020-05-17,2027-09-27
665,543,Bonds,31119,2023-10-28,2025-01-09
666,163,Bonds,12274,2023-03-11,2026-04-21
667,75,Mutual Funds,93987,2024-03-16,2025-11-10
668,555,Bonds,45442,2021-09-04,2027-09-09
669,7,Mutual Funds,70360,2022-06-19,2028-10-16
670,944,Mutual Funds,8702,2023-04-09,2029-01-10
671,17,Mutual Funds,52975,2021-12-22,2027-05-23
672,117,Stocks,45756,2022-06-22,2027-05-16
673,737,Bonds,75597,2024-07-02,2029-07-28
674,222,Mutual Funds,39476,2023-05-05,2025-01-28
675,478,Stocks,90031,2022-03-26,2025-03-16
676,474,Stocks,73652,2022-02-21,2029-08-05
677,687,Stocks,28505,2023-07-29,2025-01-30
678,279,Stocks,19108,2020-04-08,2026-01-17
679,970,Mutual Funds,18783,2024-09-10,2025-02-25
680,268,Mutual Funds,21687,2024-04-02,2028-02-25
681,192,Stocks,85004,2020-06-27,2027-09-01
682,369,Mutual Funds,35827,2023-12-24,2025-03-31
683,601,Stocks,70453,2023-06-05,2026-09-13
684,909,Bonds,86481,2020-11-29,2025-01-17
685,719,Stocks,53612,2021-02-20,2025-08-06
686,928,Bonds,46650,2021-01-07,2028-10-24
687,320,Stocks,43729,2020-01-27,2027-11-09
688,453,Stocks,91162,2020-09-28,2024-10-20
689,118,Bonds,79447,2024-07-25,2029-03-14
690,115,Stocks,85043,2022-10-25,2028-05-04
691,246,Stocks,55290,2022-06-08,2025-05-19
692,297,Stocks,57234,2023-12-16,2027-07-22
693,660,Mutual Funds,13597,2021-03-23,2028-08-22
694,581,Mutual Funds,75570,2021-05-10,2029-07-15
695,186,Mutual Funds,98659,2020-03-29,2026-02-26
696,519,Stocks,89340,2023-04-16,2028-01-28
697,745,Bonds,98833,2021-08-27,2029-06-12
698,701,Bonds,40151,2019-10-31,2026-03-27
699,29,Stocks,38665,2020-12-22,2027-09-28
700,585,Mutual Funds,86919,2019-12-28,2026-04-05
701,782,Bonds,91454,2023-06-22,2027-02-22
702,69,Stocks,35657,2024-03-04,2027-08-03
703,527,Bonds,23192,2023-04-26,2028-11-01
704,826,Mutual Funds,68260,2023-11-07,2028-03-29
705,771,Bonds,55599,2021-08-11,2026-12-25
706,220,Stocks,91264,2021-02-17,2027-09-10
707,337,Mutual Funds,11516,2020-08-29,2029-06-28
708,525,Stocks,17368,2019-10-14,2029-03-26
709,816,Stocks,74191,2020-07-04,2025-02-06
710,353,Stocks,62069,2020-01-15,2028-04-12
711,414,Mutual Funds,6374,2021-02-27,2026-11-21
712,843,Bonds,46537,2020-05-13,2025-12-07
713,529,Mutual Funds,58446,2024-05-17,2026-08-01
714,505,Bonds,12137,2023-01-09,2026-07-31
715,389,Mutual Funds,34442,2022-01-06,2029-04-14
716,323,Mutual Funds,58769,2023-06-03,2025-03-12
717,93,Bonds,57319,2022-07-04,2028-08-06
718,75,Bonds,87145,2023-03-28,2024-10-16
719,303,Stocks,89377,2024-01-21,2028-07-23
720,29,Stocks,96314,2022-06-08,2028-12-28
721,507,Stocks,31465,2021-01-20,2027-12-26
722,10,Bonds,35001,2020-10-19,2028-08-23
723,321,Mutual Funds,11153,2023-06-21,2028-03-04
724,143,Bonds,92020,2021-10-23,2025-06-29
725,798,Stocks,90249,2022-01-26,2027-08-31
726,88,Mutual Funds,99060,2020-07-11,2028-10-07
727,995,Stocks,16138,2020-01-03,2025-04-16
728,600,Mutual Funds,63063,2024-08-01,2029-09-22
729,837,Stocks,9600,2021-11-22,2026-03-09
730,800,Mutual Funds,70954,2019-10-14,2027-09-05
731,832,Mutual Funds,34174,2020-09-21,2025-11-22
732,837,Stocks,82003,2023-08-01,2027-12-05
733,462,Stocks,47788,2022-10-05,2024-12-16
734,464,Mutual Funds,91880,2022-02-24,2025-08-14
735,515,Stocks,80492,2023-12-03,2026-08-24
736,88,Stocks,36539,2023-09-11,2026-12-29
737,460,Stocks,83370,2023-07-04,2026-08-04
738,62,Stocks,27921,2022-07-02,2029-04-27
739,214,Bonds,61926,2020-01-12,2028-08-03
740,268,Stocks,49038,2024-04-21,2025-06-03
741,824,Stocks,20030,2021-10-28,2025-03-16
742,341,Stocks,53583,2022-05-20,2027-01-24
743,788,Bonds,73307,2023-03-04,2026-06-10
744,909,Mutual Funds,18928,2020-10-06,2026-04-24
745,176,Mutual Funds,83447,2020-12-28,2025-02-17
746,321,Bonds,31401,2019-12-05,2024-11-09
747,185,Mutual Funds,96951,2022-06-09,2024-11-03
748,566,Mutual Funds,91562,2023-05-05,2027-11-04
749,470,Mutual Funds,18417,2024-04-08,2029-04-29
750,953,Mutual Funds,98693,2022-09-23,2027-11-19
751,697,Mutual Funds,77997,2023-02-17,2029-02-12
752,703,Mutual Funds,89223,2021-09-04,2027-10-11
753,949,Bonds,11156,2019-12-21,2025-07-23
754,341,Stocks,22563,2021-03-05,2028-05-24
755,36,Mutual Funds,62071,2023-10-03,2026-12-17
756,315,Stocks,44122,2023-04-20,2026-10-03
757,107,Bonds,57814,2023-11-01,2027-08-25
758,451,Mutual Funds,80686,2020-02-10,2027-03-28
759,608,Bonds,35535,2020-11-18,2026-07-01
760,328,Stocks,95765,2021-04-02,2028-05-07
761,771,Stocks,52891,2023-08-07,2029-04-03
762,179,Stocks,24071,2021-11-07,2028-08-31
763,535,Mutual Funds,52656,2023-12-04,2026-08-11
764,86,Bonds,38141,2023-06-08,2026-05-05
765,678,Stocks,83274,2020-08-18,2025-04-20
766,530,Stocks,19245,2022-06-11,2026-09-26
767,275,Stocks,56794,2024-02-20,2026-02-01
768,980,Bonds,79288,2020-01-01,2029-04-07
769,357,Mutual Funds,26240,2020-06-01,2026-07-20
770,290,Stocks,47264,2021-04-28,2024-12-24
771,594,Bonds,79053,2022-03-15,2027-08-26
772,462,Stocks,8825,2019-12-14,2027-02-27
773,853,Stocks,77052,2024-03-14,2025-06-16
774,407,Bonds,82366,2021-11-02,2027-10-16
775,654,Stocks,50647,2024-01-10,2027-08-26
776,352,Bonds,85065,2020-12-31,2026-01-02
777,881,Bonds,54319,2021-03-24,2026-12-10
778,71,Stocks,87520,2022-10-24,2027-02-27
779,83,Mutual Funds,26306,2021-01-04,2028-10-02
780,570,Mutual Funds,93413,2021-12-23,2027-11-12
781,608,Stocks,17880,2022-02-27,2026-11-30
782,53,Mutual Funds,31330,2021-02-21,2028-04-30
783,329,Stocks,87586,2021-12-17,2029-07-24
784,38,Mutual Funds,96264,2024-07-31,2029-06-12
785,89,Bonds,60523,2021-01-18,2025-08-11
786,445,Mutual Funds,63210,2023-05-08,2027-03-17
787,630,Mutual Funds,79064,2022-10-15,2028-10-08
788,497,Mutual Funds,84769,2019-12-02,2026-10-01
789,572,Mutual Funds,77808,2024-08-30,2027-12-31
790,485,Bonds,42708,2019-11-26,2029-01-12
791,509,Stocks,51133,2023-05-28,2028-04-27
792,224,Bonds,43110,2019-10-18,2029-03-17
793,660,Stocks,41052,2020-08-31,2029-07-06
794,175,Stocks,34373,2023-09-30,2025-12-18
795,253,Bonds,6817,2023-12-04,2025-12-20
796,37,Stocks,60462,2024-06-16,2026-10-28
797,326,Bonds,72647,2020-05-22,2029-09-21
798,905,Bonds,53219,2022-05-28,2028-01-10
799,678,Bonds,68342,2021-12-28,2025-11-22
800,521,Mutual Funds,92012,2023-06-13,2027-12-08
801,402,Bonds,82321,2023-12-12,2029-06-15
802,156,Bonds,69953,2020-12-31,2028-10-02
803,95,Bonds,37739,2020-09-20,2025-07-16
804,108,Stocks,45604,2023-08-12,2026-03-07
805,111,Mutual Funds,24479,2024-01-03,2025-05-01
806,678,Stocks,10836,2022-03-07,2028-11-17
807,973,Mutual Funds,23162,2024-04-09,2026-12-05
808,683,Bonds,33448,2023-05-30,2026-04-28
809,982,Stocks,92253,2023-09-30,2025-12-20
810,844,Mutual Funds,67784,2020-01-11,2029-03-03
811,956,Mutual Funds,43348,2019-11-11,2025-05-17
812,119,Stocks,19542,2022-08-31,2029-04-21
813,659,Bonds,91791,2023-11-21,2026-11-29
814,543,Stocks,99476,2020-05-31,2026-11-21
815,890,Mutual Funds,67428,2020-02-16,2024-12-30
816,586,Bonds,87093,2022-07-28,2028-11-08
817,945,Stocks,46949,2022-04-05,2024-12-19
818,192,Mutual Funds,6994,2020-02-15,2027-08-14
819,331,Mutual Funds,53424,2022-10-25,2027-08-23
820,120,Bonds,24593,2023-01-16,2027-11-27
821,310,Bonds,50173,2020-03-02,2026-09-14
822,292,Stocks,57659,2020-10-10,2025-10-22
823,950,Mutual Funds,16363,2020-12-04,2028-10-16
824,395,Bonds,29135,2020-04-23,2029-05-07
825,523,Bonds,46229,2022-09-30,2028-05-14
826,217,Mutual Funds,56891,2023-03-30,2027-09-20
827,791,Mutual Funds,82729,2023-11-12,2029-02-25
828,498,Mutual Funds,88783,2023-06-04,2027-05-11
829,553,Mutual Funds,28828,2024-07-30,2025-07-17
830,542,Mutual Funds,93955,2019-11-30,2029-02-02
831,383,Mutual Funds,80773,2021-04-30,2026-12-24
832,184,Bonds,88689,2022-01-23,2029-01-11
833,463,Stocks,42905,2024-02-07,2025-08-30
834,411,Mutual Funds,85435,2021-01-28,2029-03-05
835,477,Bonds,69094,2019-10-25,2026-08-01
836,636,Stocks,93380,2023-01-07,2025-11-20
837,637,Stocks,66763,2020-06-03,2024-10-22
838,2,Bonds,68201,2022-12-01,2025-10-30
839,170,Bonds,18064,2023-11-29,2025-11-03
840,639,Mutual Funds,89506,2020-05-24,2027-07-16
841,381,Bonds,96449,2022-10-19,2029-07-22
842,226,Bonds,35298,2019-11-25,2028-12-22
843,503,Bonds,70284,2022-05-24,2028-04-04
844,484,Bonds,76012,2020-10-23,2025-03-03
845,826,Bonds,98629,2022-02-27,2027-02-23
846,729,Stocks,54498,2023-07-29,2025-04-22
847,589,Bonds,15717,2023-10-15,2028-09-22
848,621,Stocks,22736,2023-09-01,2025-07-27
849,873,Bonds,37193,2024-02-14,2025-12-13
850,729,Bonds,62017,2020-03-10,2027-08-21
851,844,Stocks,81013,2020-04-29,2028-10-18
852,786,Bonds,24639,2023-05-20,2028-05-26
853,730,Stocks,34938,2024-05-12,2029-04-24
854,372,Bonds,12795,2022-12-04,2028-08-24
855,449,Mutual Funds,58566,2022-04-03,2028-06-09
856,798,Stocks,58901,2022-06-05,2028-11-03
857,623,Stocks,11219,2020-05-20,2028-10-01
858,83,Stocks,27745,2024-07-16,2028-01-18
859,906,Bonds,74181,2020-10-30,2025-03-14
860,519,Bonds,38024,2020-02-06,2025-12-14
861,615,Bonds,17557,2020-01-10,2028-01-02
862,42,Stocks,54258,2022-07-23,2025-11-21
863,178,Bonds,17546,2022-06-15,2026-10-28
864,57,Mutual Funds,66106,2024-09-05,2028-10-07
865,911,Mutual Funds,27977,2020-08-22,2026-05-11
866,48,Mutual Funds,50246,2022-09-07,2028-08-08
867,211,Stocks,66210,2021-07-08,2029-06-18
868,58,Bonds,56030,2021-08-01,2029-06-07
869,840,Stocks,74407,2024-05-04,2029-03-29
870,970,Stocks,79952,2023-07-08,2029-04-13
871,922,Stocks,35084,2021-01-14,2028-04-12
872,202,Mutual Funds,14021,2024-03-30,2029-07-11
873,442,Stocks,85567,2020-03-11,2029-05-04
874,656,Stocks,91648,2020-06-06,2025-03-13
875,962,Mutual Funds,59978,2022-02-28,2025-04-15
876,17,Bonds,69680,2023-06-25,2029-06-30
877,719,Stocks,19341,2021-05-30,2027-08-03
878,17,Mutual Funds,76889,2022-01-14,2027-08-28
879,188,Mutual Funds,68006,2024-08-04,2025-04-07
880,838,Bonds,77058,2023-11-25,2026-05-25
881,90,Stocks,37262,2021-01-11,2026-12-26
882,812,Bonds,25533,2020-09-13,2028-06-11
883,614,Bonds,75314,2023-12-28,2025-12-17
884,418,Mutual Funds,85190,2023-07-28,2026-03-18
885,802,Bonds,56258,2023-09-29,2028-08-17
886,969,Stocks,23405,2023-05-05,2027-11-08
887,420,Mutual Funds,42159,2020-03-28,2029-09-18
888,368,Mutual Funds,87619,2023-04-01,2025-08-15
889,622,Mutual Funds,47638,2021-08-01,2025-11-22
890,605,Bonds,77135,2020-10-05,2026-03-18
891,803,Stocks,53084,2020-10-29,2026-10-08
892,612,Mutual Funds,49864,2022-02-17,2026-02-10
893,372,Bonds,6995,2023-10-10,2027-11-11
894,643,Bonds,89777,2023-06-18,2028-11-22
895,313,Bonds,94323,2021-03-04,2026-04-27
896,750,Stocks,71478,2022-07-02,2027-07-02
897,93,Bonds,56591,2022-09-14,2027-04-17
898,862,Stocks,97676,2021-09-09,2028-11-14
899,998,Mutual Funds,49312,2020-08-15,2028-06-15
900,277,Bonds,77076,2020-08-06,2028-05-31
901,500,Stocks,26582,2022-11-11,2026-11-25
902,227,Stocks,16632,2023-08-12,2027-04-21
903,987,Mutual Funds,19373,2019-12-06,2027-03-28
904,467,Stocks,65310,2023-02-20,2026-06-01
905,513,Mutual Funds,46438,2023-04-24,2027-05-26
906,691,Stocks,48602,2022-04-16,2027-11-16
907,600,Mutual Funds,19271,2019-10-30,2025-03-14
908,698,Stocks,71452,2024-08-27,2024-10-09
909,329,Stocks,32243,2021-12-24,2025-02-27
910,912,Mutual Funds,74685,2021-08-26,2025-11-04
911,160,Stocks,20297,2023-01-28,2026-04-29
912,900,Stocks,58306,2024-03-19,2029-01-21
913,213,Stocks,33691,2021-07-29,2028-07-21
914,45,Mutual Funds,96507,2023-06-13,2025-12-26
915,445,Mutual Funds,41838,2023-10-11,2029-08-28
916,363,Bonds,90814,2022-08-18,2027-04-17
917,994,Stocks,47274,2022-06-02,2026-03-24
918,297,Bonds,87931,2024-04-20,2029-04-08
919,236,Mutual Funds,87447,2024-03-18,2028-05-17
920,241,Stocks,25838,2019-12-11,2026-07-11
921,406,Stocks,20403,2023-11-04,2029-07-07
922,299,Bonds,43138,2021-10-20,2028-11-01
923,247,Stocks,60916,2022-04-17,2029-08-31
924,349,Stocks,34022,2020-08-12,2024-11-17
925,541,Stocks,30690,2023-07-09,2025-02-27
926,123,Mutual Funds,63341,2022-09-24,2027-04-12
927,529,Mutual Funds,34042,2024-07-11,2027-02-23
928,529,Stocks,68159,2022-06-11,2028-07-26
929,703,Bonds,86344,2019-12-31,2027-10-08
930,751,Mutual Funds,11646,2024-04-20,2028-02-20
931,896,Stocks,53614,2022-01-24,2026-10-25
932,343,Stocks,68471,2023-03-04,2028-07-15
933,45,Stocks,16621,2023-01-17,2026-01-08
934,747,Bonds,13954,2022-06-05,2025-12-23
935,472,Stocks,60779,2020-07-08,2028-12-24
936,35,Bonds,90525,2021-07-27,2029-09-25
937,821,Stocks,8597,2024-05-24,2025-04-01
938,814,Bonds,76157,2024-05-28,2025-02-02
939,242,Stocks,28449,2020-09-22,2026-09-17
940,887,Stocks,49525,2024-07-11,2027-04-22
941,854,Mutual Funds,22196,2022-03-02,2025-11-30
942,864,Stocks,10859,2022-02-21,2028-10-05
943,109,Mutual Funds,29482,2021-08-11,2025-02-09
944,322,Mutual Funds,17039,2020-09-10,2025-04-09
945,425,Stocks,84002,2022-02-20,2027-06-07
946,951,Mutual Funds,70413,2019-10-19,2029-04-22
947,102,Stocks,77520,2022-04-02,2025-04-29
948,795,Stocks,36659,2020-07-21,2028-04-20
949,760,Mutual Funds,48661,2023-08-08,2027-04-24
950,397,Mutual Funds,79046,2020-02-22,2027-11-09
951,906,Bonds,45596,2022-02-22,2028-12-10
952,332,Mutual Funds,49287,2024-05-13,2028-09-08
953,532,Bonds,85978,2023-07-23,2025-08-18
954,61,Stocks,58965,2021-11-02,2027-07-27
955,611,Bonds,93792,2020-10-17,2025-01-24
956,640,Bonds,72681,2020-08-06,2029-09-23
957,136,Mutual Funds,89442,2021-09-20,2028-11-03
958,211,Bonds,88101,2019-10-25,2029-07-28
959,777,Stocks,85242,2023-03-01,2027-05-18
960,782,Stocks,28631,2021-06-14,2028-09-05
961,119,Stocks,96398,2022-10-25,2025-12-13
962,634,Bonds,26211,2020-11-24,2028-09-06
963,112,Bonds,36155,2022-03-27,2026-11-03
964,803,Mutual Funds,79297,2019-12-03,2025-11-25
965,958,Bonds,40011,2022-04-26,2026-12-06
966,820,Mutual Funds,25536,2024-06-25,2028-05-19
967,283,Mutual Funds,57715,2019-10-14,2028-09-27
968,92,Mutual Funds,46378,2023-03-24,2026-12-17
969,138,Mutual Funds,11628,2022-07-22,2026-08-16
970,646,Bonds,77330,2023-08-13,2027-06-06
971,127,Bonds,72699,2021-04-23,2029-04-02
972,159,Stocks,81688,2024-01-13,2027-09-08
973,265,Mutual Funds,25486,2024-01-03,2027-06-18
974,945,Stocks,51529,2020-12-21,2028-05-22
975,548,Stocks,26004,2020-08-31,2027-08-23
976,239,Stocks,48569,2024-01-07,2024-10-11
977,949,Mutual Funds,53822,2024-06-24,2024-11-22
978,624,Stocks,20014,2022-07-29,2028-01-28
979,312,Bonds,36591,2022-02-26,2025-01-10
980,106,Stocks,29450,2024-03-17,2027-04-26
981,967,Bonds,19572,2024-08-25,2027-12-23
982,708,Bonds,42264,2022-09-25,2028-06-05
983,761,Bonds,46218,2024-09-10,2025-11-14
984,825,Mutual Funds,77179,2022-03-03,2025-06-08
985,223,Stocks,30874,2024-01-12,2025-09-24
986,413,Bonds,28838,2020-01-01,2027-11-20
987,378,Stocks,46602,2023-06-09,2027-10-16
988,507,Bonds,35744,2020-11-19,2027-07-06
989,640,Mutual Funds,15563,2024-08-24,2029-08-21
990,122,Stocks,61124,2022-05-20,2024-11-07
991,676,Bonds,99666,2020-08-12,2027-04-14
992,172,Stocks,72863,2022-01-09,2025-11-20
993,336,Bonds,92136,2023-10-22,2025-08-29
994,301,Stocks,33408,2021-10-16,2027-10-07
995,109,Stocks,63445,2023-01-03,2025-01-13
996,281,Mutual Funds,23653,2020-01-30,2028-09-21
997,563,Stocks,7883,2023-01-20,2024-10-13
998,2,Mutual Funds,40204,2021-10-02,2028-02-24
999,774,Bonds,44893,2020-03-03,2024-12-06
