loan_id,customer_id,loan_type,loan_amount,interest_rate,start_date,end_date
0,528,Mortgage,426040,4,2023-08-14,2029-01-10
1,764,Mortgage,135495,10,2022-04-29,2028-12-19
2,587,Auto,150414,11,2022-05-13,2026-02-26
3,40,Auto,95029,3,2024-06-22,2025-08-25
4,581,Mortgage,411971,3,2021-04-07,2028-01-05
5,927,Personal,336115,14,2020-03-18,2029-01-12
6,952,Auto,497946,14,2021-11-19,2025-04-14
7,257,Personal,470282,8,2020-03-14,2029-07-03
8,454,Mortgage,219473,7,2023-01-18,2026-09-24
9,615,Personal,437532,5,2023-09-16,2027-04-13
10,554,Personal,23574,12,2024-09-27,2026-06-22
11,860,Mortgage,253557,6,2023-07-03,2027-01-14
12,229,Personal,145405,11,2021-07-10,2025-06-16
13,619,Mortgage,219084,3,2020-04-08,2029-05-30
14,931,Personal,16674,12,2021-09-07,2025-08-24
15,697,Personal,446465,8,2020-03-25,2026-11-17
16,670,Personal,226365,15,2020-05-08,2027-01-30
17,690,Auto,305776,9,2022-04-10,2024-10-30
18,33,Mortgage,205360,13,2019-10-26,2028-10-18
19,639,Auto,415864,6,2020-11-19,2026-05-12
20,679,Mortgage,109273,4,2022-12-25,2029-07-10
21,485,Mortgage,51644,14,2022-10-08,2026-12-03
22,335,Personal,213060,11,2020-07-13,2028-02-15
23,540,Auto,81677,9,2020-06-17,2027-10-12
24,821,Auto,396318,6,2023-02-22,2029-03-30
25,120,Personal,287568,15,2023-08-23,2029-01-11
26,822,Auto,84847,7,2022-02-27,2027-01-29
27,794,Mortgage,303654,3,2023-01-17,2024-12-29
28,443,Auto,489659,13,2024-06-25,2026-01-05
29,174,Mortgage,345388,9,2019-12-27,2028-02-24
30,819,Auto,457198,8,2021-03-30,2028-06-02
31,436,Mortgage,316647,13,2020-07-15,2027-01-08
32,273,Auto,485323,3,2021-10-21,2026-11-10
33,460,Auto,238506,3,2021-06-06,2027-04-30
34,126,Personal,236660,12,2019-12-22,2027-11-11
35,77,Personal,23900,14,2024-04-21,2026-06-08
36,487,Mortgage,497752,7,2022-02-16,2026-05-28
37,500,Auto,340066,3,2024-06-01,2025-06-02
38,391,Auto,341913,12,2022-01-03,2028-11-20
39,918,Personal,458968,12,2024-03-02,2025-06-26
40,189,Mortgage,422098,6,2023-02-11,2029-04-29
41,37,Mortgage,80281,13,2023-06-03,2027-06-11
42,590,Auto,212374,4,2022-10-14,2025-10-02
43,683,Personal,192816,14,2023-08-15,2029-02-15
44,0,Auto,260699,13,2020-06-11,2025-09-23
45,571,Mortgage,41720,13,2022-10-03,2028-09-24
46,36,Mortgage,380961,13,2021-09-23,2027-09-10
47,325,Personal,294089,12,2022-02-22,2026-09-02
48,185,Auto,122340,10,2022-04-23,2029-03-31
49,296,Mortgage,388836,3,2019-11-09,2027-01-10
50,246,Mortgage,420268,3,2023-07-23,2026-09-10
51,835,Mortgage,466011,11,2023-11-04,2027-12-26
52,90,Personal,466205,3,2023-06-12,2026-10-18
53,858,Mortgage,93590,14,2024-04-05,2029-09-19
54,943,Personal,270317,7,2020-03-06,2029-04-28
55,467,Auto,314035,12,2020-09-26,2026-03-20
56,875,Personal,219396,9,2022-06-25,2027-05-07
57,140,Mortgage,240058,14,2024-08-23,2024-12-29
58,800,Personal,36905,7,2023-09-17,2026-08-08
59,890,Auto,67226,5,2020-03-04,2028-09-05
60,739,Personal,418452,6,2020-11-01,2026-11-09
61,929,Personal,252645,9,2024-04-02,2028-06-09
62,647,Mortgage,238091,12,2021-01-12,2028-03-30
63,215,Personal,247310,13,2022-08-22,2029-04-28
64,486,Auto,434912,13,2023-02-02,2025-01-27
65,444,Mortgage,488168,13,2024-10-03,2028-02-24
66,853,Personal,138870,4,2024-09-29,2026-08-11
67,914,Auto,85162,14,2020-09-04,2029-02-15
68,309,Mortgage,49702,4,2021-07-12,2026-05-21
69,329,Auto,478336,12,2023-01-03,2028-05-09
70,955,Auto,266425,15,2023-06-24,2028-07-10
71,4,Personal,170380,3,2024-02-16,2028-06-11
72,45,Personal,392943,6,2022-05-18,2028-10-27
73,161,Personal,19013,3,2021-04-16,2025-09-14
74,245,Mortgage,165591,14,2024-03-22,2026-01-06
75,642,Auto,69266,12,2023-02-13,2027-01-06
76,115,Mortgage,229324,3,2020-07-20,2027-06-12
77,297,Mortgage,439999,12,2022-11-04,2029-03-30
78,666,Personal,473496,14,2022-05-08,2026-02-14
79,282,Auto,213718,9,2020-10-01,2029-01-07
80,228,Personal,330883,12,2021-04-06,2029-07-03
81,173,Auto,133476,9,2023-11-13,2025-03-24
82,551,Auto,326140,3,2023-04-22,2026-09-18
83,668,Auto,357356,3,2023-12-13,2025-07-03
84,663,Personal,15490,7,2021-09-03,2025-09-09
85,337,Mortgage,155141,9,2020-06-27,2029-03-16
86,282,Mortgage,487771,14,2020-07-13,2026-09-27
87,407,Mortgage,400062,12,2021-10-22,2027-03-08
88,834,Personal,129354,8,2022-08-01,2025-06-23
89,724,Auto,464566,15,2024-02-16,2025-04-26
90,34,Mortgage,16848,6,2023-06-08,2028-12-09
91,246,Auto,315434,4,2024-01-30,2026-06-18
92,371,Mortgage,153625,15,2022-04-30,2029-06-27
93,787,Personal,217523,12,2022-04-26,2028-01-17
94,236,Auto,480482,12,2023-12-06,2025-07-03
95,619,Personal,423127,3,2020-01-25,2027-09-28
96,733,Auto,227145,12,2020-06-05,2025-10-28
97,358,Personal,392358,14,2024-06-26,2026-11-19
98,913,Mortgage,285463,15,2024-08-16,2025-02-10
99,805,Personal,435661,3,2023-08-01,2027-06-23
100,431,Personal,58043,14,2021-02-20,2028-07-29
101,581,Personal,412311,6,2020-08-05,2029-03-06
102,383,Auto,152876,15,2023-11-17,2028-03-21
103,679,Auto,365898,4,2023-05-01,2025-05-23
104,4,Mortgage,463709,3,2019-10-28,2027-01-09
105,412,Mortgage,337569,9,2020-10-20,2027-09-13
106,319,Mortgage,303604,8,2021-02-03,2027-07-12
107,169,Auto,35806,9,2020-11-27,2029-03-11
108,183,Personal,85989,6,2024-02-14,2029-07-28
109,664,Mortgage,206051,4,2021-08-21,2027-01-08
110,488,Auto,150546,15,2021-01-25,2028-10-25
111,773,Mortgage,147383,7,2022-06-25,2027-03-02
112,959,Mortgage,41272,4,2022-03-15,2027-11-14
113,184,Personal,77254,8,2021-05-18,2026-10-31
114,779,Mortgage,417568,13,2022-05-24,2026-05-26
115,143,Personal,485432,9,2023-10-19,2026-07-26
116,448,Auto,277389,12,2022-11-28,2027-08-25
117,139,Auto,69630,11,2020-10-15,2028-11-08
118,398,Personal,101783,7,2024-04-16,2026-02-01
119,694,Mortgage,441379,14,2023-10-14,2025-04-25
120,517,Mortgage,216734,7,2020-09-05,2029-02-11
121,562,Personal,220927,10,2020-01-17,2025-09-05
122,344,Mortgage,131188,7,2023-01-15,2029-03-31
123,231,Mortgage,30310,4,2022-06-10,2025-04-14
124,352,Personal,374421,12,2022-12-14,2029-03-22
125,362,Personal,211431,6,2019-10-17,2029-07-27
126,71,Auto,32782,8,2019-11-15,2028-11-17
127,207,Mortgage,289955,15,2020-10-05,2025-02-20
128,263,Personal,325019,10,2023-11-09,2025-09-24
129,89,Personal,329588,3,2024-04-07,2028-07-13
130,451,Personal,426760,4,2020-06-06,2026-09-15
131,735,Personal,406383,11,2024-02-26,2028-04-25
132,962,Auto,79186,9,2024-03-28,2026-04-12
133,331,Personal,317418,5,2022-10-20,2025-07-31
134,115,Mortgage,195582,8,2023-06-30,2027-01-15
135,661,Mortgage,38957,10,2022-01-13,2026-08-22
136,479,Mortgage,327400,14,2022-08-17,2029-01-10
137,893,Auto,77141,15,2020-06-26,2027-01-20
138,363,Mortgage,114982,10,2023-09-24,2027-02-09
139,129,Personal,83803,6,2020-12-18,2027-06-20
140,62,Mortgage,231276,9,2022-05-27,2029-03-21
141,515,Auto,136989,12,2023-01-26,2025-03-06
142,734,Personal,90291,4,2022-09-28,2027-03-26
143,501,Mortgage,445774,15,2022-06-15,2026-02-13
144,39,Auto,234686,13,2022-09-03,2027-10-04
145,936,Personal,366230,7,2021-10-11,2026-09-28
146,979,Personal,299317,5,2022-10-04,2024-11-02
147,218,Mortgage,57614,13,2022-12-22,2026-06-06
148,389,Mortgage,150212,8,2020-02-13,2027-04-10
149,790,Personal,67348,6,2020-08-23,2028-04-05
150,365,Auto,174353,6,2021-01-11,2024-11-27
151,130,Personal,241897,14,2021-01-17,2029-06-22
152,869,Personal,30681,12,2021-07-03,2025-11-05
153,368,Personal,381126,10,2023-07-29,2027-12-27
154,547,Auto,422157,4,2024-05-04,2026-03-18
155,978,Personal,356524,14,2023-04-01,2029-04-06
156,199,Auto,343892,15,2024-02-27,2026-07-23
157,194,Mortgage,439637,7,2023-02-17,2024-11-22
158,513,Auto,176230,13,2020-02-22,2029-10-01
159,600,Personal,136114,7,2021-07-26,2026-11-29
160,837,Personal,81036,14,2020-11-16,2028-12-30
161,513,Auto,394780,8,2023-10-20,2027-12-21
162,864,Mortgage,283309,9,2020-10-21,2026-08-25
163,129,Personal,233909,9,2020-08-11,2027-03-04
164,731,Mortgage,287184,5,2023-08-21,2029-02-28
165,368,Auto,327154,3,2024-05-17,2026-08-10
166,503,Personal,222470,15,2023-11-30,2025-12-03
167,56,Auto,492730,8,2024-07-17,2024-10-10
168,769,Auto,93846,10,2024-05-02,2025-10-27
169,243,Auto,448859,5,2023-06-18,2025-11-07
170,417,Auto,215529,14,2024-07-17,2027-03-17
171,827,Mortgage,58378,7,2022-03-03,2026-03-19
172,424,Personal,114562,4,2024-02-05,2026-12-06
173,725,Auto,302263,10,2021-11-28,2026-12-15
174,803,Mortgage,278578,8,2022-12-02,2028-04-08
175,864,Auto,395249,7,2021-04-08,2026-02-19
176,974,Mortgage,306173,12,2022-03-12,2027-10-03
177,303,Auto,469363,12,2023-06-01,2026-08-29
178,824,Mortgage,67273,3,2021-03-08,2027-07-04
179,752,Auto,319274,4,2023-11-08,2027-10-04
180,77,Personal,496574,6,2019-10-23,2028-06-17
181,342,Auto,180386,8,2022-02-14,2026-03-07
182,46,Mortgage,201220,3,2023-02-20,2027-11-27
183,844,Personal,394882,12,2024-03-09,2027-09-25
184,648,Personal,306561,5,2022-07-23,2029-01-23
185,342,Personal,437609,6,2022-09-19,2026-07-19
186,636,Mortgage,412319,8,2020-12-30,2027-05-27
187,375,Mortgage,460570,4,2021-12-06,2025-03-22
188,183,Personal,301707,13,2024-09-01,2027-03-04
189,697,Personal,82600,15,2023-06-19,2025-05-10
190,199,Mortgage,281746,9,2021-09-09,2025-04-09
191,203,Mortgage,206367,15,2021-10-06,2029-08-05
192,769,Mortgage,307518,3,2022-11-24,2029-06-15
193,216,Auto,241759,11,2020-03-24,2024-10-19
194,834,Mortgage,272462,5,2020-10-22,2028-10-29
195,436,Auto,286443,4,2019-12-18,2029-07-28
196,578,Mortgage,90149,15,2024-04-21,2028-03-01
197,189,Personal,120207,7,2024-07-05,2029-04-19
198,1,Mortgage,297158,13,2019-12-27,2026-05-15
199,48,Auto,333402,10,2021-09-20,2029-02-01
200,651,Mortgage,69346,3,2020-12-18,2026-08-26
201,991,Mortgage,211698,14,2021-03-11,2027-08-10
202,550,Mortgage,93105,12,2021-01-28,2028-08-07
203,49,Mortgage,472143,6,2022-08-07,2029-07-28
204,652,Personal,472898,11,2021-01-27,2029-10-02
205,393,Personal,72578,8,2024-02-15,2029-04-15
206,227,Personal,498524,14,2022-04-15,2027-01-17
207,412,Auto,137628,10,2021-10-18,2025-01-08
208,24,Personal,229365,9,2023-06-29,2028-11-21
209,219,Mortgage,490005,11,2023-03-25,2028-06-21
210,837,Personal,84331,6,2021-07-31,2027-06-05
211,547,Personal,150290,14,2020-07-07,2026-03-19
212,858,Mortgage,429644,14,2020-09-30,2029-01-28
213,364,Mortgage,281492,10,2023-05-28,2029-04-16
214,600,Personal,296523,5,2022-11-28,2026-02-01
215,165,Mortgage,490352,15,2020-08-22,2026-03-15
216,830,Personal,132012,5,2020-07-28,2026-11-09
217,40,Auto,260127,6,2024-03-26,2027-06-21
218,569,Mortgage,97451,13,2022-09-16,2027-12-29
219,721,Mortgage,285333,4,2020-11-04,2027-10-26
220,253,Auto,295612,4,2021-10-11,2025-12-20
221,336,Mortgage,156523,5,2024-03-03,2025-09-19
222,273,Auto,280194,6,2020-06-23,2027-12-15
223,784,Personal,390936,6,2024-02-25,2027-06-03
224,595,Personal,225891,11,2022-08-15,2025-10-15
225,626,Auto,125418,15,2024-02-05,2026-09-07
226,596,Personal,480290,12,2024-08-06,2029-02-20
227,286,Mortgage,262071,10,2020-09-19,2025-11-01
228,142,Personal,201452,5,2022-10-04,2025-04-25
229,119,Personal,433060,5,2023-01-17,2025-04-12
230,540,Personal,125086,7,2022-03-08,2026-06-29
231,618,Personal,394576,4,2023-05-02,2028-11-30
232,827,Mortgage,440959,9,2022-02-15,2026-04-07
233,257,Personal,173643,6,2023-10-06,2026-07-02
234,178,Mortgage,157948,5,2021-02-10,2029-08-11
235,2,Auto,349587,6,2023-03-12,2027-10-16
236,552,Personal,279261,7,2024-09-20,2024-12-05
237,902,Personal,480755,8,2022-09-12,2026-07-14
238,768,Auto,187853,13,2024-09-01,2029-03-09
239,415,Mortgage,323795,11,2019-11-25,2028-10-23
240,697,Mortgage,393288,14,2020-01-30,2028-01-03
241,379,Personal,419344,7,2021-10-18,2025-07-26
242,246,Personal,221582,4,2023-04-05,2027-11-03
243,149,Auto,402043,12,2022-11-01,2027-10-21
244,644,Mortgage,63484,6,2021-05-23,2024-10-17
245,29,Mortgage,492767,5,2023-03-30,2025-06-29
246,315,Mortgage,454217,5,2021-02-16,2026-08-09
247,374,Auto,214583,6,2022-01-27,2025-05-25
248,257,Personal,205508,14,2019-11-27,2028-01-05
249,489,Auto,172182,10,2021-09-17,2028-11-14
250,416,Mortgage,259838,4,2021-06-05,2028-08-07
251,779,Mortgage,400583,5,2022-02-14,2029-02-17
252,133,Mortgage,13326,11,2021-06-02,2028-01-09
253,929,Mortgage,155205,3,2024-03-07,2026-11-14
254,714,Mortgage,262922,14,2022-03-02,2029-05-11
255,490,Auto,325911,4,2024-09-22,2025-07-12
256,829,Mortgage,254549,7,2024-01-01,2027-09-28
257,914,Mortgage,138070,15,2020-05-20,2024-11-06
258,656,Auto,476193,7,2020-09-03,2025-05-18
259,176,Personal,71482,4,2023-08-09,2024-12-19
260,180,Personal,269739,6,2020-12-06,2026-09-25
261,276,Auto,63272,6,2020-03-06,2027-06-24
262,317,Mortgage,181289,13,2022-07-03,2028-08-05
263,275,Personal,219953,4,2024-07-24,2024-12-04
264,710,Auto,278158,10,2022-09-08,2029-08-05
265,106,Mortgage,132555,3,2024-08-11,2027-02-07
266,3,Auto,473667,5,2020-03-11,2024-12-14
267,691,Auto,55834,13,2020-02-20,2027-05-19
268,996,Personal,268457,11,2022-06-13,2026-09-16
269,599,Mortgage,461230,10,2022-03-10,2028-04-07
270,769,Mortgage,301560,13,2021-10-01,2029-04-20
271,245,Mortgage,83835,9,2022-07-04,2026-04-21
272,746,Personal,290042,5,2020-03-17,2027-04-11
273,767,Personal,331013,11,2020-11-15,2027-11-27
274,154,Auto,235914,4,2020-10-22,2027-07-30
275,54,Mortgage,36976,13,2023-06-07,2028-09-07
276,926,Auto,357630,13,2022-09-30,2028-05-06
277,663,Auto,424555,7,2022-10-10,2026-09-27
278,702,Mortgage,293850,8,2023-09-17,2029-07-11
279,77,Mortgage,477775,4,2021-10-19,2026-01-25
280,350,Auto,167711,11,2021-07-26,2029-05-01
281,717,Mortgage,434545,4,2021-06-30,2025-01-23
282,421,Auto,369841,4,2021-06-04,2025-07-30
283,224,Mortgage,152346,14,2024-06-23,2025-10-08
284,162,Auto,286925,3,2023-11-04,2026-08-23
285,437,Personal,194281,12,2020-12-19,2026-06-24
286,346,Mortgage,414531,6,2020-09-11,2026-06-15
287,86,Mortgage,171227,10,2020-05-23,2027-11-07
288,877,Mortgage,481648,10,2020-05-05,2028-09-04
289,216,Personal,201153,14,2021-04-18,2025-03-01
290,831,Auto,489035,8,2021-12-13,2028-03-27
291,821,Auto,241743,5,2021-02-19,2026-12-10
292,63,Mortgage,56917,4,2023-07-13,2026-10-16
293,331,Auto,12932,8,2022-08-14,2029-08-01
294,987,Mortgage,402670,10,2024-02-26,2027-12-06
295,87,Personal,140623,15,2024-02-18,2029-08-06
296,575,Auto,131465,4,2023-10-10,2026-10-31
297,615,Personal,464546,15,2020-10-19,2025-01-26
298,542,Mortgage,130262,6,2021-05-21,2028-11-13
299,733,Auto,85113,5,2021-08-10,2025-08-12
300,73,Auto,213065,8,2019-11-02,2028-02-21
301,732,Mortgage,342837,10,2019-11-22,2026-02-01
302,720,Auto,411012,10,2024-09-29,2027-06-17
303,507,Mortgage,313904,11,2021-03-23,2024-11-13
304,224,Mortgage,429370,14,2020-11-17,2025-05-18
305,124,Personal,194115,10,2021-05-09,2027-05-30
306,522,Personal,49733,10,2024-02-13,2026-01-29
307,813,Personal,117761,15,2024-02-26,2026-08-29
308,211,Personal,179099,8,2020-01-22,2029-03-27
309,578,Mortgage,374898,3,2024-07-30,2028-06-08
310,636,Auto,418590,9,2022-10-30,2025-11-11
311,674,Mortgage,280890,11,2023-09-25,2025-01-30
312,124,Auto,346863,6,2020-07-07,2029-08-16
313,455,Personal,301487,6,2023-05-23,2025-11-07
314,341,Mortgage,226455,11,2021-08-14,2025-08-18
315,765,Mortgage,456152,10,2020-04-26,2025-03-09
316,346,Personal,390580,9,2021-10-16,2027-02-28
317,827,Personal,47204,8,2023-10-18,2029-08-08
318,714,Personal,264827,7,2023-12-30,2025-09-15
319,898,Personal,162076,14,2023-08-29,2026-11-08
320,110,Personal,32921,4,2022-09-28,2027-10-21
321,0,Personal,219393,3,2020-10-28,2028-05-24
322,905,Personal,130706,4,2021-08-08,2025-08-07
323,320,Mortgage,375861,9,2022-08-12,2026-10-31
324,802,Auto,139172,3,2022-12-20,2025-08-23
325,160,Auto,23676,12,2020-12-06,2029-02-27
326,8,Personal,177691,9,2022-01-27,2025-01-28
327,926,Personal,197460,4,2024-01-18,2028-09-28
328,335,Mortgage,61958,6,2022-04-09,2029-09-10
329,74,Mortgage,434095,6,2021-11-30,2027-09-12
330,721,Mortgage,306760,11,2020-02-18,2025-06-20
331,361,Personal,153394,12,2023-11-15,2024-12-12
332,267,Personal,307150,4,2020-09-24,2024-10-07
333,848,Mortgage,388909,15,2020-01-16,2026-09-07
334,787,Personal,352824,11,2020-06-28,2026-04-19
335,523,Auto,64159,9,2024-06-28,2029-02-24
336,411,Mortgage,427091,10,2022-03-31,2029-01-12
337,707,Auto,314777,11,2020-05-01,2029-06-03
338,626,Auto,265745,14,2021-12-14,2025-08-24
339,597,Auto,450259,12,2020-08-21,2028-08-02
340,810,Auto,226661,10,2023-01-28,2028-04-22
341,236,Auto,381942,9,2020-09-17,2029-09-12
342,956,Mortgage,276930,10,2020-09-18,2026-11-29
343,224,Auto,283340,9,2021-07-24,2027-12-16
344,370,Mortgage,28624,11,2023-02-28,2025-09-03
345,940,Personal,379928,7,2019-11-03,2029-03-09
346,396,Mortgage,428463,11,2023-07-18,2024-12-01
347,626,Mortgage,234518,8,2020-02-24,2026-12-14
348,19,Personal,408144,4,2022-10-10,2025-11-18
349,875,Mortgage,407099,10,2021-06-08,2027-03-18
350,324,Personal,191721,14,2020-08-22,2024-12-05
351,205,Mortgage,339748,15,2022-10-09,2027-04-30
352,554,Auto,217957,10,2023-06-18,2027-09-22
353,222,Mortgage,73766,15,2021-02-10,2028-05-14
354,415,Auto,357168,8,2020-08-09,2024-11-14
355,976,Mortgage,426121,5,2023-05-17,2028-01-31
356,802,Personal,273870,7,2021-09-11,2026-03-19
357,724,Mortgage,39145,13,2024-02-07,2026-02-06
358,837,Auto,70559,12,2023-11-21,2027-07-14
359,0,Mortgage,24980,8,2024-07-05,2025-09-20
360,741,Auto,250739,12,2021-12-16,2027-12-11
361,417,Auto,14593,9,2021-08-23,2027-07-09
362,545,Personal,137090,5,2021-08-22,2026-01-22
363,580,Auto,468928,14,2021-10-09,2027-08-16
364,860,Personal,294347,14,2022-03-14,2027-08-02
365,428,Mortgage,103630,12,2020-09-09,2026-12-28
366,47,Auto,245756,5,2022-06-01,2028-10-22
367,106,Auto,125564,13,2021-12-29,2028-06-18
368,115,Personal,148274,8,2023-12-16,2025-09-10
369,286,Personal,269177,10,2023-04-22,2029-02-01
370,702,Auto,438035,5,2024-01-31,2029-07-05
371,147,Mortgage,121455,10,2021-12-15,2028-09-27
372,389,Auto,262375,14,2020-04-07,2028-07-04
373,336,Personal,457595,13,2022-08-06,2029-04-19
374,619,Mortgage,259570,11,2022-07-05,2027-08-05
375,381,Auto,368134,13,2023-11-28,2025-09-23
376,739,Personal,457030,11,2024-03-02,2025-09-28
377,867,Mortgage,47819,3,2021-11-04,2027-10-24
378,915,Personal,355522,8,2019-10-25,2026-02-16
379,915,Personal,492651,15,2022-02-20,2027-05-06
380,989,Mortgage,239153,5,2023-02-13,2027-08-21
381,412,Mortgage,494987,11,2020-02-12,2028-02-18
382,336,Personal,417182,3,2022-02-28,2026-12-24
383,323,Auto,234206,6,2019-10-28,2025-08-31
384,196,Personal,157313,5,2020-02-03,2028-01-20
385,520,Personal,140325,5,2023-11-29,2028-01-19
386,636,Mortgage,402811,7,2023-10-03,2027-08-06
387,142,Personal,194144,6,2021-10-22,2028-10-24
388,792,Auto,143405,12,2019-12-18,2027-12-26
389,124,Auto,63515,11,2021-08-24,2027-07-20
390,957,Auto,306402,9,2021-09-30,2025-05-11
391,571,Mortgage,477171,6,2022-10-20,2026-08-07
392,475,Personal,320649,15,2024-03-17,2029-07-08
393,52,Auto,242997,13,2022-07-17,2025-10-08
394,642,Auto,349600,12,2021-09-08,2026-09-01
395,599,Auto,14582,13,2020-10-22,2025-05-30
396,175,Personal,454190,3,2022-06-12,2027-12-24
397,373,Auto,160877,6,2020-01-13,2025-01-16
398,538,Auto,214341,7,2023-10-23,2029-01-21
399,602,Auto,343313,8,2023-12-19,2027-01-01
400,323,Auto,489399,10,2019-11-02,2025-06-23
401,731,Personal,363018,9,2021-11-13,2028-01-05
402,638,Personal,111450,12,2022-04-04,2027-08-09
403,682,Auto,30400,8,2022-08-31,2028-10-01
404,645,Auto,263256,5,2020-05-01,2025-09-30
405,566,Mortgage,211406,5,2021-10-18,2029-01-01
406,495,Auto,422003,6,2024-03-07,2029-05-24
407,186,Personal,205722,10,2021-09-07,2027-07-19
408,971,Mortgage,361854,8,2022-02-18,2028-09-23
409,141,Mortgage,487721,10,2022-09-29,2025-03-08
410,362,Personal,224760,6,2024-08-02,2025-06-01
411,415,Personal,141709,5,2022-12-23,2027-06-02
412,645,Mortgage,245224,4,2022-08-12,2027-04-29
413,637,Mortgage,360687,8,2023-05-29,2026-03-23
414,759,Auto,476035,5,2023-04-14,2025-05-13
415,834,Mortgage,155322,5,2023-07-16,2027-03-19
416,852,Mortgage,129186,3,2019-12-03,2026-06-22
417,128,Personal,356763,8,2023-02-13,2028-03-21
418,881,Auto,228442,6,2024-01-07,2025-06-21
419,521,Auto,149216,13,2021-09-25,2028-10-16
420,359,Mortgage,425487,14,2021-10-17,2024-10-11
421,436,Mortgage,349159,4,2024-05-30,2027-03-11
422,648,Auto,86678,7,2021-01-21,2026-06-28
423,451,Mortgage,104814,3,2023-07-10,2026-06-08
424,97,Auto,317427,5,2024-05-31,2026-09-18
425,322,Personal,456270,14,2020-11-09,2026-09-27
426,249,Auto,215927,4,2023-01-25,2028-04-20
427,816,Mortgage,121061,14,2022-01-06,2026-10-13
428,690,Mortgage,231757,4,2023-10-11,2025-03-10
429,604,Personal,132248,8,2023-12-12,2029-07-22
430,294,Mortgage,485640,4,2023-12-20,2029-06-27
431,358,Personal,22888,13,2020-11-29,2029-03-05
432,517,Personal,321707,8,2021-03-31,2028-02-25
433,635,Personal,124345,8,2020-07-23,2024-10-14
434,99,Personal,428496,9,2022-04-06,2029-07-02
435,970,Personal,115439,3,2023-04-29,2024-11-29
436,755,Auto,122969,7,2022-06-13,2029-08-22
437,628,Mortgage,479090,4,2020-07-13,2029-02-06
438,492,Auto,184542,7,2021-07-18,2024-11-20
439,611,Mortgage,343913,3,2020-09-20,2025-07-10
440,392,Mortgage,330448,14,2020-09-28,2029-06-23
441,183,Auto,376015,14,2020-09-06,2025-04-03
442,892,Personal,111257,12,2021-08-27,2028-08-08
443,356,Mortgage,274411,8,2019-11-01,2029-05-07
444,980,Mortgage,149120,6,2022-09-11,2026-07-26
445,586,Personal,103450,3,2021-12-26,2029-01-29
446,999,Mortgage,407001,9,2019-11-04,2024-10-07
447,520,Mortgage,356804,14,2023-08-07,2025-04-15
448,269,Personal,260637,15,2020-01-03,2029-05-02
449,939,Auto,447040,15,2019-10-09,2024-10-16
450,85,Personal,150002,12,2020-06-15,2026-03-17
451,450,Mortgage,224755,7,2024-05-05,2029-02-26
452,373,Auto,45295,11,2021-09-12,2025-06-02
453,930,Personal,320010,12,2020-08-07,2028-07-30
454,887,Personal,38141,3,2023-08-19,2029-05-21
455,698,Auto,207431,12,2023-11-17,2029-02-08
456,444,Auto,427433,5,2021-06-25,2025-11-28
457,962,Personal,465045,12,2020-01-13,2028-03-02
458,475,Mortgage,206312,6,2023-11-21,2027-08-30
459,636,Personal,305447,6,2022-01-20,2028-04-19
460,980,Personal,125450,7,2024-02-09,2029-04-08
461,209,Auto,228832,11,2022-08-31,2027-05-12
462,208,Mortgage,496398,14,2022-02-10,2028-05-15
463,879,Mortgage,397149,3,2020-04-22,2025-11-29
464,572,Auto,167222,10,2022-08-28,2026-06-14
465,255,Auto,225958,6,2022-12-19,2025-02-22
466,685,Mortgage,496481,11,2024-05-30,2025-08-24
467,410,Mortgage,302883,14,2021-03-03,2029-05-17
468,63,Auto,275964,9,2022-02-26,2027-10-08
469,14,Mortgage,176410,6,2019-11-13,2029-05-31
470,802,Personal,15123,15,2023-09-21,2028-05-14
471,263,Personal,145424,4,2020-10-04,2026-04-12
472,523,Personal,446146,14,2022-05-27,2027-02-11
473,125,Personal,79577,10,2021-09-16,2028-11-02
474,224,Auto,481182,7,2022-06-15,2027-01-09
475,364,Mortgage,81126,7,2019-12-22,2029-03-30
476,958,Personal,458875,5,2023-11-10,2027-10-23
477,296,Auto,434592,5,2019-11-30,2027-08-19
478,987,Personal,93408,10,2021-11-26,2025-02-02
479,160,Auto,194247,11,2019-12-05,2026-07-06
480,782,Personal,498765,12,2022-12-22,2025-01-26
481,443,Auto,466552,10,2023-03-11,2026-09-17
482,196,Mortgage,299377,6,2020-12-13,2029-07-28
483,408,Auto,194970,6,2024-04-08,2025-10-21
484,550,Auto,422766,10,2021-10-15,2028-08-25
485,535,Mortgage,311044,10,2022-11-27,2026-11-13
486,841,Auto,116930,6,2023-11-29,2027-02-11
487,275,Auto,490956,12,2019-11-03,2026-08-26
488,617,Personal,153702,6,2020-06-26,2029-08-06
489,368,Mortgage,255004,3,2021-07-08,2029-01-08
490,197,Personal,143684,3,2022-03-25,2025-01-13
491,426,Personal,322638,10,2020-09-24,2027-03-18
492,738,Personal,213696,10,2022-04-24,2024-11-19
493,408,Auto,313964,4,2023-02-20,2029-06-20
494,320,Personal,355993,3,2020-09-08,2025-04-11
495,276,Mortgage,304060,12,2024-09-24,2026-12-24
496,936,Mortgage,193285,11,2023-02-27,2029-09-07
497,723,Auto,80841,3,2020-08-24,2028-04-23
498,269,Personal,252443,14,2020-02-16,2025-09-13
499,927,Personal,471091,10,2022-08-20,2029-05-09
500,827,Mortgage,145752,7,2023-02-24,2024-11-08
501,829,Personal,115444,12,2020-12-02,2029-06-17
502,339,Mortgage,448508,8,2024-08-24,2025-06-19
503,236,Auto,128179,7,2022-01-22,2025-02-07
504,928,Auto,42155,15,2021-06-07,2025-01-25
505,8,Mortgage,212477,15,2022-06-21,2029-02-20
506,778,Personal,45001,6,2020-04-22,2028-10-13
507,698,Personal,292794,4,2023-05-31,2027-04-03
508,593,Mortgage,63258,15,2024-06-06,2026-08-07
509,485,Mortgage,29884,4,2023-09-29,2029-03-01
510,743,Personal,437178,3,2021-07-20,2025-11-30
511,448,Mortgage,255055,3,2022-08-19,2025-05-04
512,187,Personal,122761,14,2024-04-30,2025-09-22
513,283,Mortgage,258365,15,2021-01-10,2029-09-02
514,889,Personal,42046,14,2021-08-31,2029-09-29
515,176,Auto,66049,6,2023-10-09,2026-04-10
516,684,Auto,50642,7,2020-08-05,2027-06-22
517,553,Mortgage,215278,15,2022-02-06,2028-10-23
518,342,Auto,59640,7,2021-01-27,2025-10-11
519,576,Auto,115482,14,2022-06-30,2028-02-24
520,376,Personal,195598,7,2023-03-14,2027-06-01
521,836,Auto,328952,9,2020-03-14,2029-01-07
522,76,Personal,72586,12,2023-06-14,2025-09-09
523,533,Mortgage,146722,6,2021-04-23,2028-08-15
524,79,Mortgage,50421,14,2024-02-21,2027-12-31
525,578,Auto,323677,15,2022-08-11,2027-05-29
526,766,Personal,207722,4,2021-03-07,2028-07-10
527,781,Mortgage,338306,11,2019-10-18,2026-06-05
528,148,Mortgage,212356,11,2022-03-25,2025-10-06
529,497,Mortgage,62078,5,2022-03-07,2025-02-22
530,360,Auto,301027,14,2022-01-08,2026-11-19
531,836,Personal,445827,6,2022-06-19,2026-03-03
532,13,Mortgage,406338,6,2021-06-20,2028-05-07
533,282,Mortgage,252971,6,2021-10-22,2029-03-15
534,445,Auto,324299,6,2021-08-17,2025-10-10
535,12,Auto,468729,11,2021-02-08,2024-11-06
536,306,Mortgage,183226,6,2021-11-14,2029-08-12
537,663,Mortgage,419215,11,2020-12-03,2029-08-14
538,689,Personal,396015,7,2021-12-05,2024-11-01
539,41,Auto,302894,9,2023-10-10,2028-03-18
540,449,Personal,283250,15,2024-08-15,2027-01-11
541,306,Auto,41706,3,2020-09-15,2025-03-14
542,234,Auto,84326,4,2021-01-30,2027-11-03
543,813,Auto,50894,6,2023-07-12,2028-04-07
544,170,Auto,66426,4,2023-12-29,2029-05-20
545,300,Mortgage,257647,12,2021-06-21,2026-01-29
546,988,Auto,194105,15,2021-03-27,2027-09-19
547,675,Auto,293718,3,2023-12-26,2027-02-27
548,889,Personal,143160,11,2020-02-15,2026-10-12
549,929,Mortgage,273728,3,2021-07-26,2027-07-04
550,726,Auto,52692,10,2019-10-27,2025-08-30
551,820,Personal,465046,4,2023-07-16,2029-06-02
552,254,Auto,77838,10,2023-07-27,2025-03-05
553,532,Auto,70829,11,2022-04-16,2025-10-31
554,383,Auto,50208,6,2023-06-21,2028-11-29
555,999,Auto,142817,8,2023-05-25,2028-03-19
556,457,Mortgage,287730,9,2024-04-12,2025-09-22
557,197,Personal,323680,7,2021-04-06,2029-07-11
558,394,Mortgage,183080,3,2023-10-14,2024-11-05
559,462,Auto,174575,12,2023-12-13,2027-01-20
560,561,Personal,120454,5,2022-05-16,2028-07-12
561,769,Auto,86158,5,2022-07-21,2026-11-17
562,808,Auto,96173,8,2023-02-20,2024-10-29
563,680,Auto,303214,13,2024-07-05,2025-09-26
564,718,Mortgage,445214,12,2019-10-16,2028-06-29
565,716,Auto,104407,10,2021-08-13,2027-06-13
566,109,Auto,369984,15,2020-01-11,2025-11-30
567,420,Personal,489410,11,2020-08-28,2029-08-16
568,691,Auto,417019,7,2021-10-04,2027-02-12
569,66,Mortgage,445398,6,2022-07-02,2025-07-09
570,494,Auto,76853,5,2019-11-01,2026-05-30
571,719,Auto,280292,9,2022-07-28,2026-06-18
572,690,Mortgage,217766,10,2020-08-04,2028-06-02
573,827,Personal,93246,8,2020-07-29,2025-12-30
574,595,Personal,473528,8,2020-05-14,2026-03-08
575,739,Personal,120551,4,2023-12-01,2027-02-17
576,640,Personal,385189,6,2021-06-12,2024-11-08
577,554,Auto,83353,7,2020-10-07,2026-11-08
578,453,Auto,388281,9,2024-02-17,2026-02-14
579,162,Auto,320099,15,2024-02-03,2027-06-11
580,165,Mortgage,85106,12,2020-01-26,2029-05-20
581,221,Mortgage,205697,14,2020-06-10,2025-06-11
582,28,Auto,368562,11,2024-04-26,2027-08-18
583,778,Mortgage,475151,11,2020-09-10,2029-09-05
584,354,Auto,331379,13,2023-11-16,2028-10-02
585,244,Mortgage,218143,4,2023-12-30,2027-07-10
586,63,Mortgage,345325,6,2023-06-27,2025-08-26
587,68,Personal,352455,7,2023-01-12,2027-06-01
588,751,Auto,123879,10,2021-12-28,2026-07-27
589,720,Personal,140796,12,2021-11-07,2026-03-03
590,96,Mortgage,317252,13,2024-03-04,2026-06-20
591,576,Personal,73331,9,2020-11-30,2025-03-23
592,242,Personal,289076,12,2022-05-18,2025-09-12
593,448,Auto,312585,13,2021-05-17,2027-09-05
594,635,Mortgage,388588,3,2022-03-01,2027-12-19
595,493,Mortgage,213162,14,2020-09-05,2026-08-17
596,442,Mortgage,17400,5,2023-10-11,2029-02-01
597,837,Personal,367237,8,2023-11-14,2025-10-10
598,487,Auto,310299,8,2021-08-19,2028-10-07
599,185,Mortgage,217488,15,2022-11-21,2026-07-20
600,370,Mortgage,471127,11,2021-09-24,2029-09-07
601,990,Auto,455790,14,2022-08-06,2027-03-17
602,904,Mortgage,172093,9,2023-08-28,2028-07-04
603,625,Personal,437965,6,2022-05-24,2025-05-13
604,829,Personal,298162,4,2023-07-02,2025-03-05
605,158,Mortgage,419225,6,2023-01-06,2025-10-04
606,569,Auto,16687,5,2020-02-26,2024-12-14
607,536,Personal,133575,13,2021-05-13,2025-05-12
608,878,Mortgage,163463,4,2024-04-06,2026-08-14
609,711,Personal,133224,3,2024-04-11,2027-10-12
610,931,Auto,456591,13,2022-01-11,2027-06-16
611,779,Auto,254850,14,2022-07-23,2029-02-05
612,835,Auto,315124,7,2024-07-03,2029-07-30
613,740,Mortgage,180431,6,2019-11-18,2028-03-29
614,159,Mortgage,69608,4,2024-01-21,2025-11-11
615,877,Mortgage,425382,6,2021-10-06,2028-03-17
616,21,Mortgage,447359,6,2020-09-15,2028-12-17
617,133,Personal,456333,7,2022-09-04,2027-02-12
618,737,Personal,62321,10,2022-07-01,2028-10-01
619,430,Mortgage,356810,13,2020-05-29,2029-08-20
620,156,Personal,30178,9,2023-09-11,2029-05-22
621,373,Auto,418807,9,2023-05-21,2028-04-13
622,187,Personal,259442,4,2020-03-08,2028-08-08
623,994,Auto,368730,4,2020-01-04,2029-09-05
624,464,Auto,74605,14,2024-08-08,2029-04-02
625,616,Personal,30372,12,2022-01-15,2027-09-06
626,741,Personal,185859,3,2021-02-17,2025-07-24
627,575,Auto,373252,6,2023-07-28,2027-01-01
628,691,Auto,124304,15,2019-11-25,2027-02-07
629,711,Auto,156115,8,2021-04-10,2027-07-30
630,91,Personal,46014,12,2021-10-09,2028-08-26
631,564,Mortgage,388777,6,2022-08-19,2029-02-03
632,901,Auto,238445,8,2019-12-08,2028-07-22
633,107,Personal,359651,7,2021-01-13,2026-09-16
634,993,Mortgage,367472,8,2022-12-20,2028-06-03
635,677,Mortgage,187467,13,2022-08-28,2027-07-23
636,5,Mortgage,150214,15,2021-08-22,2025-04-08
637,54,Auto,181105,9,2020-07-11,2026-12-15
638,349,Personal,288230,11,2021-08-21,2025-05-09
639,766,Personal,118200,3,2020-09-23,2028-04-13
640,792,Auto,86336,14,2021-05-23,2025-05-07
641,373,Personal,293800,14,2021-07-17,2028-08-19
642,386,Auto,426810,9,2024-06-26,2026-02-08
643,12,Personal,412118,15,2019-10-28,2027-03-22
644,50,Personal,337147,4,2021-01-04,2027-08-20
645,862,Personal,18243,9,2023-05-15,2027-09-11
646,91,Mortgage,232472,9,2024-06-28,2028-08-13
647,891,Mortgage,142246,14,2022-12-08,2029-07-01
648,296,Personal,238114,5,2024-02-26,2029-04-27
649,728,Auto,379374,7,2021-07-29,2026-01-27
650,340,Mortgage,326389,14,2021-06-08,2026-01-23
651,373,Personal,286867,9,2021-09-29,2025-02-15
652,313,Mortgage,150550,14,2022-08-03,2025-10-21
653,754,Personal,101341,11,2020-12-13,2029-09-15
654,267,Auto,480102,13,2023-02-06,2026-11-13
655,137,Mortgage,219282,9,2019-10-19,2027-03-09
656,802,Mortgage,133923,11,2019-10-19,2026-04-21
657,270,Personal,393376,5,2023-09-26,2025-05-16
658,249,Mortgage,55424,5,2024-06-26,2026-02-19
659,567,Auto,72544,14,2022-07-22,2027-10-20
660,874,Mortgage,39537,12,2021-04-27,2029-05-24
661,646,Personal,104655,15,2022-03-09,2026-10-28
662,649,Personal,448393,4,2021-08-17,2028-07-11
663,593,Personal,11571,15,2024-02-07,2028-10-04
664,654,Personal,119171,10,2022-06-10,2027-04-15
665,680,Personal,496973,4,2024-01-05,2029-09-28
666,92,Auto,238849,11,2024-04-02,2026-09-18
667,477,Mortgage,55633,9,2023-09-20,2026-09-21
668,340,Mortgage,103003,14,2022-07-14,2026-07-09
669,242,Mortgage,470154,9,2024-03-18,2025-08-20
670,430,Auto,200735,8,2019-12-16,2027-11-05
671,965,Mortgage,478015,8,2023-02-24,2028-03-22
672,508,Auto,32036,15,2023-01-07,2025-09-12
673,487,Auto,143559,11,2020-05-22,2029-10-01
674,981,Personal,65593,12,2023-09-01,2024-11-27
675,917,Auto,431112,9,2022-03-21,2027-10-11
676,164,Auto,202555,4,2021-07-26,2025-02-08
677,756,Personal,445004,7,2020-08-17,2029-01-06
678,410,Auto,350998,15,2020-06-11,2025-09-06
679,370,Personal,276290,12,2019-11-30,2027-03-09
680,84,Auto,489600,9,2021-12-31,2028-01-20
681,67,Mortgage,414217,7,2023-02-20,2026-06-30
682,92,Auto,27264,9,2019-11-05,2025-02-19
683,231,Personal,425800,4,2023-05-19,2028-01-02
684,993,Auto,368910,12,2023-08-13,2025-03-09
685,404,Auto,312068,6,2022-04-13,2029-09-13
686,428,Mortgage,56958,10,2023-10-02,2027-01-06
687,115,Mortgage,406715,13,2022-09-22,2027-04-27
688,39,Personal,446195,15,2021-10-23,2024-12-24
689,875,Auto,416409,6,2022-01-05,2026-06-12
690,502,Personal,173271,9,2020-09-29,2027-08-07
691,787,Personal,399569,5,2023-08-21,2027-08-04
692,98,Mortgage,47340,11,2024-09-09,2025-07-14
693,626,Personal,204865,15,2023-09-08,2026-12-16
694,605,Auto,326212,10,2024-09-01,2028-06-17
695,573,Mortgage,462991,10,2021-10-09,2024-12-02
696,277,Auto,88462,14,2021-11-26,2028-02-21
697,467,Personal,314140,12,2022-04-05,2025-03-31
698,977,Auto,211619,11,2021-08-21,2027-08-19
699,876,Mortgage,18944,15,2023-12-16,2025-02-06
700,837,Personal,434929,9,2024-07-19,2029-08-07
701,46,Auto,101386,9,2023-05-27,2026-11-22
702,339,Mortgage,82244,4,2022-11-09,2026-01-03
703,635,Mortgage,358022,10,2023-10-29,2027-12-21
704,12,Mortgage,154673,8,2022-10-08,2029-01-14
705,324,Personal,128691,6,2022-02-03,2028-07-22
706,928,Auto,496566,11,2020-03-04,2025-02-09
707,575,Personal,231884,4,2021-08-28,2028-01-05
708,34,Auto,76508,13,2021-09-11,2027-05-08
709,408,Auto,26809,6,2020-11-02,2026-12-25
710,511,Mortgage,18626,14,2024-01-17,2025-03-11
711,970,Auto,454754,5,2020-10-15,2029-08-28
712,570,Auto,380756,15,2020-04-28,2025-08-18
713,694,Mortgage,25041,5,2019-11-29,2025-03-06
714,532,Auto,217985,3,2020-04-12,2025-09-15
715,343,Auto,284309,6,2023-12-28,2025-06-17
716,592,Personal,276847,10,2020-06-02,2027-07-30
717,996,Personal,42329,8,2024-03-16,2027-10-23
718,628,Mortgage,364727,5,2021-03-06,2027-10-26
719,621,Personal,450552,3,2022-11-04,2027-10-03
720,420,Auto,434959,5,2023-02-17,2025-07-10
721,131,Auto,25386,7,2024-04-17,2024-12-28
722,763,Personal,146437,13,2019-10-31,2026-09-15
723,824,Auto,93940,5,2023-02-22,2025-07-09
724,904,Personal,180790,15,2023-09-15,2025-11-17
725,342,Mortgage,140636,5,2021-03-30,2028-04-05
726,781,Mortgage,121581,14,2022-06-09,2027-11-22
727,968,Personal,428771,6,2023-05-13,2028-04-15
728,644,Auto,343734,15,2020-07-13,2027-01-04
729,934,Personal,365265,4,2021-08-26,2025-03-25
730,206,Auto,420617,14,2023-04-27,2027-04-20
731,898,Auto,491251,13,2023-12-10,2029-08-07
732,944,Mortgage,362653,12,2021-09-06,2028-06-11
733,164,Auto,351372,14,2020-05-04,2026-08-06
734,109,Mortgage,222016,5,2021-10-18,2026-11-05
735,99,Mortgage,17142,8,2019-12-12,2027-04-02
736,871,Mortgage,105801,6,2021-08-02,2025-06-08
737,481,Personal,460224,15,2021-11-02,2025-10-20
738,747,Mortgage,358000,10,2020-06-06,2028-05-17
739,210,Personal,172430,3,2023-06-08,2028-07-22
740,314,Personal,79920,14,2023-01-03,2029-09-29
741,617,Auto,482706,9,2021-01-23,2025-05-19
742,263,Personal,226760,3,2021-11-06,2028-01-03
743,692,Personal,137922,14,2022-03-04,2028-11-13
744,895,Auto,383120,7,2021-11-05,2027-03-19
745,708,Auto,304850,8,2023-01-20,2027-10-05
746,251,Auto,122869,13,2019-10-18,2025-10-04
747,735,Mortgage,75829,11,2024-08-13,2025-07-18
748,994,Auto,179619,12,2021-07-19,2028-02-09
749,238,Personal,427964,7,2023-11-05,2027-09-25
750,192,Personal,329116,9,2022-07-13,2027-02-03
751,421,Personal,310354,6,2020-01-09,2025-04-11
752,839,Mortgage,261469,7,2023-01-27,2029-02-28
753,961,Personal,160422,4,2020-10-16,2027-08-04
754,704,Personal,27309,6,2021-02-15,2024-11-11
755,117,Personal,62124,3,2020-10-31,2026-02-14
756,647,Mortgage,336360,14,2020-06-14,2026-08-31
757,686,Personal,143944,3,2023-10-21,2029-07-21
758,400,Mortgage,317135,6,2020-10-17,2028-12-26
759,363,Personal,304817,15,2020-08-10,2027-06-26
760,652,Mortgage,157716,6,2019-11-24,2027-07-01
761,806,Mortgage,94183,6,2024-03-12,2026-10-31
762,292,Personal,45671,13,2023-04-08,2027-03-29
763,43,Personal,471334,11,2024-10-02,2028-12-14
764,997,Auto,467128,8,2021-09-03,2027-09-15
765,419,Mortgage,229771,4,2020-08-09,2027-05-14
766,251,Personal,279496,8,2022-08-11,2029-04-12
767,696,Personal,170005,9,2024-01-13,2029-08-14
768,965,Auto,498599,14,2023-06-09,2026-01-14
769,983,Auto,236750,8,2023-02-19,2027-10-23
770,134,Personal,449376,10,2023-09-17,2025-05-30
771,355,Personal,491114,14,2021-05-24,2027-03-14
772,206,Personal,254273,13,2022-12-01,2029-02-03
773,288,Personal,211976,13,2023-02-09,2026-12-24
774,261,Mortgage,147284,10,2019-10-21,2027-04-12
775,643,Mortgage,197601,4,2020-10-21,2027-12-12
776,278,Mortgage,354988,11,2023-08-24,2025-09-24
777,828,Mortgage,491399,5,2021-06-26,2026-04-08
778,812,Auto,181095,8,2020-10-11,2026-07-01
779,993,Personal,382797,13,2024-06-21,2024-11-28
780,631,Mortgage,188903,7,2020-03-14,2026-01-13
781,675,Mortgage,237441,13,2019-11-05,2025-02-09
782,436,Auto,113719,6,2022-07-25,2025-09-25
783,99,Personal,162292,3,2021-11-22,2026-08-13
784,956,Personal,252302,5,2020-09-23,2024-10-16
785,413,Personal,258202,13,2023-11-18,2027-12-14
786,193,Auto,129482,15,2022-01-18,2028-05-02
787,822,Mortgage,332323,12,2020-11-25,2029-02-06
788,807,Personal,268737,6,2021-07-02,2025-03-09
789,405,Auto,445369,5,2020-05-18,2028-10-20
790,140,Personal,33408,5,2024-07-22,2025-05-23
791,42,Mortgage,141971,11,2021-09-04,2029-06-21
792,587,Mortgage,363421,10,2022-01-30,2028-06-28
793,911,Auto,23585,5,2020-03-20,2029-05-10
794,541,Mortgage,165348,15,2022-12-21,2025-03-25
795,976,Auto,333852,12,2022-01-27,2028-06-08
796,977,Mortgage,473170,3,2021-09-18,2027-06-15
797,281,Auto,172882,12,2023-03-01,2027-01-19
798,712,Personal,281222,3,2022-10-04,2025-11-24
799,181,Auto,340577,3,2022-01-19,2026-07-24
800,300,Mortgage,75378,11,2024-08-15,2027-12-05
801,147,Auto,496808,13,2020-04-22,2026-06-18
802,753,Mortgage,334247,15,2023-10-21,2026-10-14
803,795,Mortgage,406763,11,2021-04-16,2027-08-09
804,870,Mortgage,472712,5,2021-07-23,2026-07-26
805,212,Personal,328842,11,2023-03-05,2029-05-25
806,379,Auto,437874,5,2023-06-23,2029-07-30
807,443,Mortgage,182101,14,2021-09-10,2025-11-06
808,103,Mortgage,184955,10,2024-08-20,2027-07-18
809,52,Mortgage,47308,7,2023-03-06,2028-10-05
810,622,Auto,127705,12,2023-08-29,2026-01-08
811,307,Personal,486158,14,2020-05-05,2024-12-16
812,859,Personal,136884,12,2020-11-08,2026-08-25
813,156,Personal,297022,11,2022-07-24,2024-12-01
814,934,Mortgage,175226,3,2021-05-16,2024-12-09
815,496,Personal,414120,5,2020-10-14,2025-06-01
816,81,Auto,365963,15,2023-04-11,2029-01-25
817,888,Auto,58949,9,2020-01-11,2026-01-22
818,37,Mortgage,273156,3,2023-09-21,2028-03-25
819,892,Auto,477778,5,2021-10-11,2027-05-24
820,567,Personal,176954,14,2023-05-13,2025-01-27
821,236,Mortgage,262111,7,2021-10-11,2025-05-01
822,359,Auto,161157,5,2022-10-27,2029-08-05
823,663,Auto,395422,10,2022-06-30,2025-12-12
824,845,Mortgage,95835,15,2019-11-08,2027-01-26
825,993,Personal,474909,12,2022-07-21,2029-05-27
826,350,Auto,158622,15,2022-04-24,2029-01-01
827,585,Personal,377673,14,2021-09-18,2026-01-23
828,225,Personal,339123,6,2022-08-26,2029-07-23
829,214,Personal,348593,4,2020-10-23,2028-01-11
830,336,Personal,57823,15,2021-03-22,2024-12-08
831,972,Personal,153539,12,2023-08-02,2026-09-02
832,991,Personal,27388,12,2020-07-02,2028-11-07
833,109,Mortgage,240145,6,2024-05-19,2026-11-18
834,29,Auto,163345,15,2020-12-03,2028-04-25
835,778,Personal,34197,13,2022-07-28,2028-09-16
836,333,Mortgage,453782,12,2020-01-26,2026-10-19
837,452,Auto,70256,3,2023-08-06,2026-09-23
838,117,Mortgage,494787,10,2023-06-25,2029-01-04
839,744,Mortgage,455643,8,2022-04-23,2026-08-25
840,795,Auto,267870,7,2021-11-10,2027-06-23
841,745,Auto,358515,9,2023-11-21,2026-08-26
842,860,Mortgage,244918,3,2023-05-04,2028-07-21
843,2,Personal,434084,5,2020-11-01,2026-03-27
844,955,Personal,475462,14,2020-02-12,2027-11-06
845,621,Mortgage,300694,6,2021-01-08,2028-08-15
846,867,Personal,232893,13,2020-01-14,2028-10-23
847,957,Personal,271215,11,2020-09-23,2025-01-08
848,533,Personal,380772,13,2019-11-15,2025-08-20
849,339,Personal,341611,5,2024-02-08,2025-04-23
850,813,Personal,144518,6,2020-09-16,2026-04-05
851,350,Mortgage,310202,7,2022-08-03,2024-11-26
852,948,Mortgage,81976,9,2022-05-26,2027-12-01
853,626,Mortgage,291765,5,2022-01-31,2028-03-01
854,703,Mortgage,360401,12,2022-04-20,2025-02-28
855,185,Mortgage,118923,9,2020-04-06,2024-12-28
856,562,Mortgage,172118,3,2020-03-06,2028-05-27
857,522,Auto,78617,8,2020-06-05,2024-11-23
858,621,Auto,303252,12,2024-05-31,2029-01-29
859,132,Mortgage,193453,10,2021-10-24,2024-12-27
860,605,Auto,158210,7,2020-05-08,2025-01-18
861,285,Auto,95287,15,2023-12-22,2025-04-02
862,423,Personal,114423,6,2019-10-15,2026-10-10
863,101,Auto,381209,8,2022-10-01,2025-02-09
864,715,Personal,341722,7,2021-04-24,2025-01-16
865,277,Personal,180132,9,2022-08-08,2029-06-06
866,723,Auto,423360,10,2022-08-07,2028-02-15
867,845,Auto,210379,9,2020-02-03,2025-04-19
868,990,Personal,304727,8,2024-03-01,2025-09-27
869,83,Mortgage,369484,9,2021-12-27,2027-01-25
870,205,Personal,239675,6,2020-09-08,2028-10-31
871,627,Personal,484041,15,2023-06-19,2026-03-16
872,168,Mortgage,109548,10,2023-11-19,2026-04-08
873,92,Mortgage,352034,6,2023-10-19,2029-04-22
874,681,Mortgage,284514,7,2024-01-29,2027-01-23
875,842,Mortgage,168104,10,2020-08-26,2026-12-14
876,736,Personal,354667,14,2021-03-20,2024-12-14
877,616,Auto,267722,12,2020-05-30,2028-09-28
878,958,Personal,357444,13,2022-12-14,2027-05-13
879,841,Auto,412238,12,2023-05-25,2028-11-16
880,643,Auto,458453,6,2021-11-07,2029-07-26
881,603,Auto,243080,4,2020-03-28,2025-02-15
882,932,Auto,248486,9,2020-07-30,2028-09-01
883,106,Mortgage,64880,11,2021-12-15,2025-10-28
884,813,Auto,34270,7,2023-10-18,2027-09-07
885,765,Mortgage,241015,10,2022-08-19,2027-01-17
886,365,Mortgage,246563,9,2020-04-02,2028-05-29
887,495,Auto,255368,8,2021-12-20,2028-10-07
888,181,Auto,165881,15,2022-08-09,2025-04-23
889,18,Mortgage,200007,12,2024-03-01,2026-10-24
890,685,Auto,385827,7,2024-04-12,2028-02-23
891,777,Personal,463918,7,2021-04-08,2027-09-09
892,240,Mortgage,373637,13,2023-09-05,2026-11-28
893,69,Mortgage,445208,11,2022-09-20,2024-12-25
894,182,Auto,245792,15,2021-10-07,2025-03-15
895,456,Auto,314201,4,2022-06-26,2026-08-26
896,732,Personal,415114,7,2022-08-24,2026-05-12
897,171,Mortgage,342849,11,2022-01-12,2025-05-14
898,15,Mortgage,100101,12,2023-06-24,2027-11-24
899,6,Personal,66912,13,2021-12-28,2027-03-14
900,846,Auto,163609,9,2020-02-24,2025-11-12
901,862,Mortgage,156361,8,2022-01-20,2026-09-28
902,454,Personal,289209,10,2022-06-26,2029-03-08
903,115,Auto,162003,5,2022-06-03,2028-05-07
904,368,Personal,166791,15,2021-04-03,2026-06-25
905,111,Personal,129122,7,2022-05-30,2028-05-07
906,88,Mortgage,284247,12,2022-06-28,2026-11-01
907,832,Personal,333529,3,2022-02-04,2025-01-22
908,448,Auto,498154,9,2020-08-03,2028-03-25
909,566,Mortgage,435434,12,2021-09-20,2029-01-22
910,870,Personal,486694,13,2023-07-09,2028-10-27
911,287,Personal,370653,6,2020-07-03,2028-03-12
912,963,Personal,158719,14,2020-05-05,2027-09-19
913,418,Mortgage,44552,12,2022-03-28,2026-02-25
914,645,Auto,172936,14,2021-06-01,2025-10-17
915,687,Mortgage,429783,5,2022-11-23,2026-05-16
916,392,Mortgage,396071,4,2020-01-10,2025-11-18
917,472,Personal,343528,10,2022-03-12,2025-01-19
918,807,Mortgage,238191,10,2023-01-09,2024-11-07
919,146,Auto,380041,9,2023-11-25,2027-05-16
920,18,Mortgage,492635,13,2020-09-24,2027-07-27
921,676,Mortgage,92985,15,2020-09-20,2028-10-02
922,971,Mortgage,473174,5,2020-03-23,2025-04-19
923,828,Personal,272955,9,2020-06-06,2028-03-08
924,264,Personal,86069,15,2020-10-15,2025-07-19
925,553,Auto,48603,9,2019-11-17,2025-02-03
926,525,Mortgage,342487,5,2023-10-31,2026-05-21
927,629,Personal,322418,6,2023-05-27,2024-11-04
928,160,Personal,314222,13,2021-10-25,2026-12-16
929,102,Auto,59638,9,2022-09-01,2027-07-20
930,323,Mortgage,64231,8,2023-01-28,2026-07-26
931,353,Personal,479684,5,2020-07-19,2027-06-04
932,89,Auto,144234,3,2024-05-26,2029-06-23
933,358,Personal,321994,14,2024-09-23,2028-09-12
934,792,Personal,89473,4,2020-06-26,2027-05-21
935,820,Mortgage,105441,4,2019-10-10,2029-07-22
936,644,Mortgage,139105,7,2021-09-15,2026-01-04
937,972,Personal,130292,13,2020-08-05,2028-04-22
938,489,Auto,381025,13,2023-12-29,2027-02-08
939,393,Personal,63977,9,2023-09-07,2027-03-18
940,568,Personal,95429,10,2024-05-26,2028-11-27
941,794,Personal,465789,10,2024-04-13,2026-09-02
942,779,Auto,230001,13,2024-08-03,2028-06-06
943,934,Personal,30392,15,2024-04-19,2025-12-26
944,498,Personal,460764,14,2021-05-07,2029-01-31
945,24,Personal,437067,3,2024-05-24,2026-05-01
946,58,Personal,244026,6,2023-06-10,2027-05-09
947,82,Personal,417296,6,2024-05-07,2027-11-30
948,958,Auto,331982,7,2023-01-20,2025-09-19
949,566,Auto,112288,5,2020-01-15,2027-12-09
950,23,Personal,466684,4,2024-06-28,2028-09-28
951,509,Mortgage,411395,15,2021-04-02,2026-11-17
952,664,Auto,310221,12,2021-05-17,2027-01-23
953,239,Mortgage,244035,3,2021-12-26,2029-05-09
954,857,Auto,222351,5,2022-05-03,2026-04-19
955,380,Personal,65265,4,2022-10-22,2027-02-01
956,737,Auto,214290,9,2023-08-22,2025-01-16
957,921,Personal,33196,8,2024-09-29,2024-11-21
958,648,Personal,187016,10,2021-12-16,2028-06-18
959,988,Mortgage,83979,10,2024-09-06,2028-12-18
960,581,Auto,178601,4,2024-08-14,2025-06-06
961,688,Auto,189264,8,2020-06-11,2029-02-10
962,654,Auto,86802,12,2024-05-10,2025-05-30
963,598,Mortgage,148320,7,2020-02-18,2025-12-09
964,432,Auto,484895,15,2020-09-13,2028-07-22
965,337,Auto,413975,9,2024-06-11,2029-08-31
966,980,Mortgage,15518,6,2021-03-12,2026-02-23
967,870,Mortgage,431326,11,2020-10-30,2027-12-29
968,287,Personal,333682,15,2020-05-16,2026-06-28
969,300,Mortgage,143731,14,2023-08-16,2028-10-28
970,810,Auto,68115,4,2024-05-21,2025-06-02
971,221,Personal,479823,4,2019-10-20,2027-06-15
972,670,Personal,397697,13,2020-06-15,2028-11-16
973,713,Personal,292686,14,2024-02-11,2027-03-27
974,666,Auto,415822,12,2022-03-26,2028-12-27
975,457,Auto,251767,7,2024-03-13,2029-01-07
976,94,Mortgage,41395,11,2024-08-02,2028-01-08
977,55,Personal,446644,15,2021-10-29,2025-02-12
978,481,Auto,303217,12,2023-03-31,2027-11-11
979,667,Personal,144297,14,2021-07-16,2027-09-09
980,922,Personal,236006,8,2023-03-30,2025-09-24
981,907,Personal,420699,3,2023-10-07,2025-04-08
982,160,Personal,380631,7,2020-06-01,2024-12-02
983,879,Auto,69000,9,2023-06-26,2027-04-10
984,252,Auto,189581,6,2022-03-27,2027-05-18
985,598,Personal,345721,13,2023-09-08,2027-07-27
986,697,Mortgage,381382,15,2020-10-15,2026-04-27
987,596,Mortgage,227427,7,2021-11-27,2028-01-10
988,248,Personal,392992,10,2024-02-29,2026-02-19
989,517,Personal,47230,9,2024-01-13,2028-03-31
990,818,Personal,141517,15,2019-12-10,2028-08-05
991,943,Mortgage,188362,14,2022-09-18,2029-06-02
992,121,Auto,115293,3,2021-09-20,2025-05-28
993,651,Auto,207811,5,2020-10-04,2028-10-28
994,130,Personal,297322,14,2020-04-03,2026-09-11
995,47,Auto,289737,9,2022-05-21,2029-08-24
996,52,Mortgage,177762,8,2024-08-01,2025-02-04
997,719,Personal,463816,10,2022-03-09,2025-11-28
998,751,Mortgage,177246,15,2023-04-14,2028-06-24
999,534,Auto,267720,14,2021-12-15,2025-07-25
