credit_card_id,customer_id,card_number,card_type,expiration_date,credit_limit
0,106,3559242148389189,Mastercard,08/33,47611
1,526,30506429867666,Mastercard,09/34,24441
2,607,4913408494656,American Express,12/31,8947
3,816,213147117900623,American Express,01/34,9996
4,491,344026113384085,Visa,12/33,9938
5,428,4513659067704,Mastercard,06/32,48598
6,659,6569210447905386,Visa,01/30,40663
7,174,345787447440195,American Express,02/26,27364
8,673,6011645463766747,Mastercard,10/24,49689
9,483,6517422312435158,Mastercard,06/32,34806
10,202,2227685716622783,Visa,09/25,44869
11,890,4253529155922,American Express,07/33,36388
12,584,213157648843341,American Express,07/26,24259
13,633,379828993575569,Mastercard,04/28,13715
14,951,180038567386273,Visa,01/29,7354
15,463,3555302466800623,Mastercard,09/32,35464
16,962,4444347008951494,Mastercard,04/25,15681
17,535,4564482698677423245,Mastercard,05/26,27474
18,891,3536930831044354,Mastercard,05/33,48901
19,721,4937157342554971891,Visa,11/27,31454
20,412,6011945975482415,Mastercard,07/32,10361
21,725,180094633080317,Mastercard,11/25,16125
22,87,30379710155161,Mastercard,04/32,7948
23,906,4976567030362834,Visa,02/30,13555
24,128,2295566768145757,American Express,03/30,45020
25,293,180072347286073,Mastercard,06/31,9146
26,799,3576183088620028,American Express,10/25,35047
27,251,630450377886,Mastercard,09/25,6527
28,986,4838233060295700548,Visa,05/28,18334
29,830,2294573034297827,Visa,03/30,6285
30,860,3551531750679384,Visa,01/28,15395
31,799,342408720871468,American Express,10/28,37227
32,130,6011521322767863,American Express,09/28,27589
33,668,36459043510052,Visa,04/34,46651
34,352,4163315853364294,American Express,06/28,5981
35,715,503821776310,American Express,02/28,14573
36,604,4204696604382144,Mastercard,05/27,40856
37,957,213114135944454,Visa,08/33,24232
38,306,3554639777498758,American Express,12/30,21396
39,162,4836271498237584,American Express,07/25,30335
40,517,4886174993641772,Mastercard,01/25,5476
41,980,5403360603487315,American Express,11/33,46620
42,669,213105982640534,Mastercard,02/28,40027
43,372,4656291957411214608,Visa,04/30,24091
44,372,4598064118332531,Visa,05/27,22934
45,933,4966841988684,American Express,06/27,10882
46,790,4291568847598006,American Express,06/31,27559
47,317,4699243230921037,American Express,01/25,10962
48,662,30558815811659,American Express,04/26,9305
49,866,6577065612559008,Mastercard,10/32,17771
50,814,4220430352039255950,Visa,01/32,48972
51,251,4884425509153427,Mastercard,08/34,26632
52,845,060470367909,Mastercard,03/29,27826
53,992,4068671340902567,American Express,11/26,33182
54,709,3522096870009645,American Express,02/32,5824
55,604,503827873509,Mastercard,09/30,16364
56,65,213115083829191,Visa,01/27,16713
57,544,341300104103066,American Express,09/25,31239
58,430,4369219986487422,Mastercard,01/31,19029
59,779,213159708555526,American Express,05/31,43325
60,726,347217172586200,American Express,05/27,13471
61,5,6544779413752634,American Express,04/34,44120
62,429,501804669767,Mastercard,04/30,26965
63,886,4202700993267494,American Express,08/28,37841
64,912,3587780024473979,Mastercard,12/28,46575
65,339,379991474045468,Mastercard,03/26,36481
66,849,4504901572997064,Mastercard,11/31,39209
67,674,5527910465627936,American Express,11/30,41022
68,403,6011565017176591,American Express,02/26,44834
69,951,213182119083920,Mastercard,11/31,24096
70,110,4013504746679920841,Mastercard,06/27,42599
71,526,4285275472821475,American Express,06/28,25894
72,541,4390319881616969,Visa,05/26,41511
73,914,4427199779872834,Mastercard,03/26,38311
74,896,4190737808726967285,Visa,01/34,14843
75,473,501866588145,Visa,06/29,18144
76,211,213135927739752,American Express,09/27,32204
77,522,343690623150707,Visa,08/27,20895
78,360,180046198936473,Visa,06/31,33954
79,150,4922794901833934,Visa,06/25,33127
80,819,4559444896295,Mastercard,10/29,18827
81,629,4768172048644893,American Express,12/31,20277
82,352,4530961167725377,Visa,04/31,30801
83,206,378301509977688,Visa,11/32,26215
84,34,4997828219363,Mastercard,09/27,38999
85,95,4949813311754800,Visa,07/31,44821
86,566,3513205979885380,American Express,08/25,48937
87,837,374857664255842,American Express,08/28,25618
88,611,6507638184971325,American Express,04/28,13912
89,228,4181540194800599401,Mastercard,05/28,22703
90,711,6503105571382809,American Express,01/33,21947
91,610,213194637465950,Visa,06/29,38402
92,161,3568428646279332,American Express,03/31,24613
93,920,4922387954735312557,Mastercard,10/29,44731
94,407,3509916216841046,American Express,02/32,19194
95,879,4033830233379778,Mastercard,05/34,25464
96,919,6532894930293204,American Express,06/30,10011
97,450,6576717382055671,Mastercard,12/26,44932
98,632,377789552828975,Mastercard,09/33,31746
99,691,3512718010420257,Mastercard,12/30,17009
100,503,213199646985542,American Express,06/33,47925
101,130,3534588613895823,Visa,10/32,22636
102,116,213125179858822,Mastercard,04/31,19682
103,96,2697397966354544,Mastercard,07/33,37558
104,5,2720457705720891,American Express,04/27,25934
105,215,345772962100879,Mastercard,09/34,8075
106,468,4015338335870852,American Express,11/32,36834
107,636,3553213431823289,Mastercard,05/30,17109
108,351,4943649531641286,American Express,01/29,47735
109,861,6580262583833026,American Express,05/32,42906
110,576,30371873460413,Mastercard,03/28,13048
111,603,3506875433349808,Visa,07/30,20466
112,112,4342921858926,Visa,04/25,13120
113,628,3558789125226736,Mastercard,12/32,20191
114,392,213199267743212,Mastercard,09/34,40709
115,658,3513560411880336,Visa,02/29,22210
116,7,6531209414603318,American Express,01/33,22431
117,777,3556466714349946,American Express,06/26,6025
118,161,060473848681,American Express,04/31,11727
119,444,4798182308158165,Mastercard,08/28,13514
120,507,501801376309,American Express,02/30,48318
121,842,4606373762186,American Express,10/25,19601
122,988,341422395519147,Mastercard,03/33,45528
123,376,3599727489782564,American Express,02/32,24360
124,863,3541736232465913,Mastercard,09/29,5203
125,449,2258355354757364,American Express,03/25,15775
126,506,2714345690002326,Visa,04/33,33997
127,116,30243017902818,American Express,07/27,8042
128,232,213121672860076,Mastercard,08/30,32101
129,365,4527331989416,American Express,11/28,37737
130,405,180032248071461,American Express,06/32,46182
131,940,4862782679531220,Visa,06/31,37132
132,15,4170494956952395,American Express,06/32,28288
133,967,675914381339,Mastercard,08/27,18183
134,57,3527482066408111,American Express,05/25,16406
135,314,4524030356609,Visa,06/26,44029
136,877,4896922855995522,American Express,05/34,35309
137,706,4678890069617290694,Mastercard,11/24,17306
138,21,4098655060596223984,American Express,10/25,18048
139,506,373177032274966,American Express,09/30,40666
140,102,6011542733236793,Visa,10/26,28518
141,602,4174758552328867703,Mastercard,09/34,15549
142,731,2720751172001706,American Express,10/29,25678
143,397,349043248255804,Visa,10/26,36972
144,95,30116588818243,Mastercard,01/32,20173
145,729,4089377875074,American Express,10/26,42980
146,624,180070983962957,Visa,08/29,12146
147,989,3567002087613738,Mastercard,10/33,45994
148,851,30572204238333,American Express,02/29,44879
149,667,30443952480214,Mastercard,05/27,41971
150,566,213108568738672,American Express,08/25,24720
151,592,4487856344386486,Mastercard,11/29,49068
152,565,180075289604849,Mastercard,12/26,37928
153,372,4647921487834135,Mastercard,05/29,31474
154,320,4340918598107683237,American Express,06/33,49818
155,686,3598890503014892,Visa,08/28,20160
156,675,213125516511217,Mastercard,04/31,24575
157,156,3522854502973061,American Express,12/31,19029
158,989,3560090056791616,American Express,01/30,14359
159,194,30110762891894,Mastercard,04/27,22997
160,436,3525042003407857,American Express,07/25,40342
161,329,2603729060097269,Visa,02/25,13718
162,341,3590853793582950,American Express,08/30,17116
163,689,36748330025844,Visa,05/33,40422
164,885,4338088172778678583,American Express,11/31,10874
165,80,6011667612632083,Visa,05/25,45713
166,234,4399148478953,Mastercard,05/32,11440
167,79,30568028926350,Mastercard,10/30,10359
168,575,3517823589219430,Mastercard,12/25,35401
169,465,4259523654912428,American Express,09/28,14388
170,747,4430561152815091,Visa,03/26,15831
171,729,4666917327119168451,American Express,10/32,43715
172,935,30302026974729,Mastercard,08/26,10894
173,485,6570749022987704,Visa,06/27,43464
174,802,6553320848983490,Mastercard,06/31,14033
175,505,4288565136914733,Mastercard,11/26,18048
176,305,376127844070554,American Express,05/29,9895
177,847,30072859899174,Visa,08/26,14693
178,592,3508700386248369,Mastercard,06/31,22975
179,104,347852775463397,Mastercard,10/25,22714
180,998,2720874394014198,Mastercard,12/30,32721
181,695,378550797508684,Mastercard,02/33,16131
182,209,2708534415342202,Mastercard,04/28,41405
183,664,2276055661146891,Visa,09/27,49620
184,186,213154103649768,Visa,06/32,17442
185,440,563526422974,Mastercard,11/31,29571
186,736,30542658101923,Visa,07/26,6939
187,232,4807124144329955,Visa,10/30,48829
188,186,4465723252179533,Mastercard,01/26,31573
189,239,4424661319445945,American Express,08/33,24592
190,456,6011697368517055,Mastercard,10/33,8270
191,318,4199841743489502,American Express,01/32,38609
192,90,4973696220354484,Mastercard,12/24,34347
193,387,38117328346992,American Express,06/33,27651
194,220,4656780964834,Visa,03/27,37590
195,547,585751607854,Mastercard,01/32,38394
196,848,4979879172580595,Visa,05/34,32090
197,116,4835794417410748793,Visa,09/31,21586
198,777,4455106561214211,Mastercard,02/28,35451
199,802,3511093784123292,Visa,12/25,25708
200,202,3587449886838030,Visa,03/26,17642
201,540,38610586970065,Visa,05/33,10605
202,774,3502779401033259,Visa,08/25,38969
203,401,6563155836902377,American Express,06/32,9566
204,505,3514910566641216,American Express,12/27,43075
205,265,4361975759764408,Mastercard,02/33,7957
206,770,38775563411720,American Express,08/30,7472
207,586,343160829780046,Mastercard,04/28,46807
208,141,30057048639847,American Express,06/25,12672
209,358,4368053110281386540,Visa,06/32,24392
210,358,3578239639325307,American Express,02/33,29068
211,196,4178801557615949567,American Express,08/28,45534
212,62,30020216085995,Mastercard,03/31,30228
213,151,4334832498717151947,American Express,07/34,44472
214,318,4186983157163044,Visa,07/33,14498
215,150,4233401362445436324,American Express,01/26,40051
216,200,341688612963496,American Express,11/33,9932
217,96,6011712643568912,Visa,08/28,32704
218,165,180040456264405,American Express,05/33,44240
219,747,5464970964615308,Mastercard,09/27,32119
220,386,4515246932761447,Mastercard,11/30,30619
221,989,4250436939307,Visa,03/29,21170
222,215,4170274285174516719,American Express,05/25,19295
223,417,4171072822685172,Visa,06/28,25107
224,74,342910028761994,Visa,05/26,48545
225,331,2290667090314676,Mastercard,09/27,25388
226,381,3567057022798598,Visa,01/28,47158
227,63,4691294032426723,American Express,05/25,48892
228,744,4815667231721,American Express,04/29,37889
229,919,4746275480379642,Mastercard,10/26,8757
230,350,568031567684,American Express,07/33,7820
231,998,4751608340091639,American Express,01/27,24668
232,16,3541231817196067,Mastercard,08/31,30827
233,702,4058859294153020123,American Express,05/26,44955
234,625,6011310412761972,American Express,10/24,38052
235,258,4174388985486921920,American Express,03/25,22934
236,641,2575046935385447,Mastercard,12/31,19680
237,469,4292428767917802,Visa,06/25,39316
238,736,3591003614586983,Mastercard,06/33,36112
239,651,4353006665096610699,American Express,08/29,39716
240,459,4683389612853,Mastercard,04/27,22188
241,822,675937557808,Mastercard,09/29,34934
242,161,4319705045354982665,Mastercard,04/32,42484
243,90,4415271131177444,American Express,07/26,43373
244,858,3557467267622126,American Express,05/27,40573
245,105,639013847087,Mastercard,07/34,21566
246,746,4701495308815162,American Express,05/31,26849
247,948,213140855934292,American Express,11/32,39530
248,553,4693059453274045,Mastercard,04/33,29140
249,856,6552036038346014,Visa,05/28,13178
250,878,3596301227953532,Mastercard,08/33,9768
251,631,3593403496662241,Mastercard,11/31,12912
252,265,3507166430683079,Mastercard,05/27,21763
253,510,371795543370577,Mastercard,11/25,36424
254,704,060425895038,American Express,08/34,23577
255,579,6535175479869530,American Express,07/26,47360
256,742,347206244977513,Mastercard,06/28,40755
257,552,4844343608243,American Express,10/28,29092
258,187,180052595800767,Mastercard,07/29,26828
259,892,676305910058,Mastercard,06/33,18255
260,735,4169778856497300,Visa,11/27,25928
261,305,4183094947589416,Mastercard,04/30,17223
262,346,4357306568122,Visa,01/29,10844
263,831,30413739941770,Visa,01/34,31184
264,853,3538869065718291,Mastercard,08/34,45298
265,749,3595733746193425,American Express,01/25,31717
266,174,180088156458223,Mastercard,10/24,28635
267,860,3594858024101872,Mastercard,09/30,19736
268,126,6011983279488887,Mastercard,01/26,17235
269,541,3553246624775916,Mastercard,03/25,33243
270,378,4095379652396082,American Express,08/28,20586
271,436,6011056576210112,American Express,05/29,11522
272,569,3521543633479418,American Express,02/25,9527
273,629,6011291823430375,American Express,06/28,18196
274,855,2291248063927601,Mastercard,03/34,48493
275,479,213148478699507,Mastercard,02/25,28638
276,549,5220213214836084,Mastercard,01/31,12235
277,153,3534548467229248,Mastercard,11/25,6705
278,932,4264315985500662978,Mastercard,02/26,38824
279,3,4878008111056507,Visa,06/26,18568
280,30,2373322191586778,American Express,01/33,26324
281,534,2568135232373633,Mastercard,03/32,19736
282,155,4271692010984811,Visa,11/26,36882
283,616,4621774676091,Visa,06/27,38553
284,570,5469213973086970,Mastercard,06/28,45893
285,569,2256020823491225,American Express,11/27,24098
286,406,577943261344,Mastercard,06/33,28401
287,558,4803875549021866646,Mastercard,06/34,46786
288,685,4275839799958,American Express,09/31,7929
289,607,2559233769844042,Mastercard,08/25,39742
290,406,180076391004555,Mastercard,03/26,34274
291,823,4590456479332,Mastercard,05/33,11777
292,55,36285831975185,Visa,05/26,46079
293,909,2701085562604404,Mastercard,10/33,21282
294,817,4206519085807934,American Express,12/29,31579
295,106,4200374569988,Visa,05/28,33511
296,736,3523970568885798,Visa,02/26,24224
297,467,4623856346499332,American Express,08/28,41010
298,212,4114990379378471,American Express,02/27,32934
299,258,3550326443767451,Mastercard,06/25,24107
300,803,4837913897444,American Express,02/31,44634
301,67,4190140677112829,Visa,09/30,12723
302,269,676247530436,Mastercard,06/29,13487
303,955,36837637572697,Mastercard,10/30,10209
304,151,30453637383113,Mastercard,03/25,22247
305,237,30383836719330,American Express,04/27,20182
306,355,4433453093067734,Mastercard,08/31,33272
307,786,4528848049916360133,American Express,07/26,45913
308,620,4695514819709462738,Mastercard,04/29,17382
309,767,3589343230751924,Mastercard,06/27,44200
310,121,4917784146497246,American Express,03/27,35162
311,522,4954945934114016753,Visa,10/32,41077
312,192,4092482541363561,American Express,08/30,8187
313,822,377030156781850,American Express,08/29,33397
314,772,30149060379871,Visa,07/27,49603
315,412,3583113967623182,Mastercard,01/31,23112
316,574,36532547538660,Mastercard,03/30,13056
317,278,501893788221,American Express,09/28,20700
318,87,4457723228419328,American Express,05/28,44779
319,251,4839133707140354,American Express,12/25,20184
320,51,2712911043939753,American Express,08/26,35413
321,936,4178263974786912327,Mastercard,07/32,12269
322,567,4281659704599,Visa,01/27,20461
323,982,2712796641936289,Mastercard,11/31,26598
324,549,503839518779,Visa,04/27,37081
325,918,4620961800472,Visa,03/26,5653
326,339,2291500038612837,Visa,10/26,34389
327,716,3528651123417534,Visa,04/33,44840
328,221,5446967256554107,American Express,10/30,49176
329,199,341264488120130,American Express,05/25,46011
330,983,4191548297434093,Visa,12/27,7755
331,832,3537519458405854,Visa,01/25,26988
332,810,4080898961869111753,Mastercard,10/29,39451
333,207,38984414121609,Visa,02/28,18888
334,75,577432550629,American Express,07/28,9286
335,836,3549703581397792,Mastercard,11/25,38997
336,332,3531353813737801,American Express,05/26,9894
337,163,3523285056857419,Mastercard,09/26,48543
338,341,4999080383929558,American Express,08/33,35368
339,11,6011487280471346,Visa,05/31,34648
340,853,3561373135296214,Visa,03/29,18310
341,618,3585512962190246,Visa,02/34,49634
342,538,4183270614050,Visa,02/33,31720
343,712,4004444758590492042,Visa,10/33,38894
344,293,6011467070145458,American Express,07/34,8706
345,554,4814253217046,American Express,11/30,32795
346,555,4971580337327951275,Mastercard,06/33,22801
347,702,3585674038948625,Mastercard,10/32,21350
348,984,372551950622565,Mastercard,09/26,9662
349,778,4147966321411,American Express,03/25,37783
350,102,4094733503200778468,Visa,12/31,14662
351,608,4222738253864648,American Express,03/34,27543
352,733,376921877694839,Mastercard,04/30,36296
353,476,3588576652206106,Visa,04/30,23159
354,614,3588124061007177,American Express,07/25,34661
355,957,213154679304202,Visa,03/26,12720
356,859,6535155306033435,Visa,03/29,29326
357,948,180033375667147,Mastercard,01/34,11935
358,737,6583853482779885,American Express,01/30,17441
359,790,6011634311174221,Visa,05/32,8895
360,447,30158701997165,American Express,09/26,35108
361,351,5320726063567996,American Express,09/32,20111
362,195,4470474615367,Mastercard,05/26,38561
363,87,4118313278869,Visa,04/26,7368
364,336,6011481535058875,American Express,03/28,39236
365,153,341769233631009,Visa,10/31,37750
366,102,676106614115,Mastercard,02/26,6217
367,538,180091353793939,American Express,08/30,31713
368,648,344349415427612,Visa,11/32,13403
369,379,5427883537262266,Mastercard,04/27,46772
370,888,213113270896198,Mastercard,12/29,34876
371,340,341152112751935,Mastercard,10/24,37878
372,522,6545197923671815,American Express,10/32,21998
373,848,38793304878941,Visa,07/31,45791
374,297,6535468371037284,Mastercard,09/31,16766
375,52,180020617887302,Visa,11/29,33791
376,7,3517555988988138,Visa,12/30,11935
377,173,6513972486713297,American Express,10/27,13633
378,269,4732106648242719,Mastercard,07/32,23664
379,638,676383820781,Mastercard,11/24,34462
380,35,4430557870064434,Visa,06/25,28152
381,207,675985234409,Mastercard,10/29,27097
382,572,4248056292767,American Express,06/34,29866
383,906,3576195490254659,Visa,03/25,7601
384,425,348531724606798,Mastercard,02/32,27568
385,626,30023238520999,American Express,08/28,23513
386,231,6563544824196599,American Express,10/32,37691
387,102,2260277356419320,American Express,11/31,17388
388,267,3556639803468351,Visa,06/26,33331
389,435,6011613141117675,Mastercard,09/27,7327
390,854,4761548309590346,Visa,08/33,31084
391,640,4766502294566,Visa,06/26,48745
392,306,501851200284,Visa,11/32,36613
393,143,4700967059973011,Mastercard,03/27,47520
394,823,373233649938848,Mastercard,08/28,11398
395,752,30381427730559,Mastercard,02/34,16262
396,87,4675482458766025,American Express,06/27,14501
397,255,213190634673109,Mastercard,12/31,44354
398,422,4075392312108346,Mastercard,11/31,35437
399,104,4960284190229823,Visa,07/32,26675
400,204,3592931286019652,Mastercard,04/29,23775
401,890,4854122361560031,Visa,02/25,21360
402,371,6011975026300654,Visa,09/34,18892
403,835,345950290686369,Mastercard,11/24,28435
404,268,6570234370664908,Mastercard,03/31,19040
405,306,6598601433407822,American Express,02/26,5633
406,639,180003238746727,Mastercard,05/26,46915
407,49,6011505944743436,Visa,08/31,15195
408,317,348075889466184,Visa,09/33,26242
409,476,4539559514682742919,American Express,06/29,38268
410,231,38197733195895,American Express,10/27,6004
411,741,373017520385967,Visa,01/34,40251
412,435,6011024207198486,Visa,11/27,30588
413,303,2714936347504381,Visa,12/28,20064
414,146,3518981628443525,Mastercard,03/32,25029
415,756,502004331570,Visa,11/30,43178
416,33,4106672969210,Mastercard,08/34,33838
417,136,4843607270183945,Mastercard,07/30,18247
418,267,4995575376394,Mastercard,01/34,36113
419,590,30570812645675,Mastercard,09/32,31248
420,83,4760294603839212272,Mastercard,10/28,36445
421,632,4688661464154780,American Express,05/29,32738
422,544,4011906413532,American Express,12/33,23566
423,168,36373732304612,Visa,01/32,12867
424,743,6011563221361935,Visa,09/32,29000
425,372,30407680270163,Mastercard,08/25,12418
426,268,3546313974634950,Visa,02/31,49637
427,741,3573440244871827,Visa,10/30,42705
428,259,501882415729,American Express,05/31,37366
429,688,4275384202180368,Mastercard,06/33,16876
430,54,4987668274748980,American Express,02/30,9143
431,558,3504728812020049,Mastercard,01/30,49967
432,904,2716482282143149,Visa,10/31,14363
433,848,4887680533291380,Visa,01/31,6797
434,192,6566097308617025,Mastercard,12/25,48436
435,233,2229369272096306,Mastercard,06/29,27436
436,322,4705899304513,American Express,11/27,36744
437,839,501813555072,American Express,02/32,25807
438,1,30133695537764,Mastercard,07/26,29777
439,447,4131083822295366,Mastercard,03/31,48998
440,87,6011116672737127,Mastercard,12/29,23045
441,238,38204199943444,Visa,06/28,33666
442,639,341121800991723,Visa,10/32,28417
443,379,575993279745,American Express,06/32,27066
444,442,4193083231244539,Visa,08/28,32552
445,788,4218622960692,American Express,03/31,21201
446,164,4707676194728924,Mastercard,04/30,26233
447,858,371987306669721,Mastercard,12/31,41908
448,14,4240973361023,American Express,08/29,31919
449,949,30590590671479,Visa,11/26,19831
450,116,4264430438486211,Mastercard,03/31,43248
451,613,6538928588630145,Mastercard,07/31,44927
452,896,3555244093630470,American Express,09/31,5275
453,274,4660203392141951,Mastercard,03/27,32650
454,416,347124774570428,Mastercard,06/29,47610
455,7,4129291686096883472,American Express,03/31,22779
456,94,4820175248663275791,Visa,02/25,27455
457,402,3530997775952989,Visa,05/26,19112
458,896,4114914478716563,Mastercard,08/32,29473
459,959,6011422285517116,American Express,11/29,26276
460,533,2253396899105664,Mastercard,09/29,35277
461,479,213100646775248,Mastercard,04/27,27076
462,11,6011477409849142,Mastercard,09/33,33853
463,939,4859068645736985,American Express,04/29,45785
464,543,180080158585517,Mastercard,10/30,25017
465,510,6011202703116927,Visa,03/29,7524
466,768,4943125046464586916,Visa,09/34,13443
467,118,3578491523375803,American Express,07/27,49697
468,117,373711722914307,American Express,10/25,32385
469,946,2223276055199973,Visa,10/30,45929
470,967,4523338332507650,Mastercard,08/31,24882
471,845,503884543953,Mastercard,09/31,31689
472,719,3531086060746360,Visa,09/33,23803
473,523,4235606107964887,Visa,07/29,49464
474,821,4028040203322805549,American Express,12/31,37177
475,452,4116661370016277235,Visa,05/29,17167
476,338,5219720167316677,Mastercard,03/33,45706
477,623,3563367638322459,Mastercard,03/31,13402
478,260,370105153569594,American Express,03/33,46041
479,585,2543200202844607,Visa,05/31,20635
480,135,345531785230275,Mastercard,02/34,42556
481,101,060441243833,American Express,06/34,18607
482,241,4664209105799,American Express,09/26,46687
483,305,4111983808508651872,Visa,04/32,23531
484,614,3599075515825241,Visa,09/34,9048
485,586,3575430099221382,Mastercard,02/31,42860
486,759,4510570436768136,Visa,07/28,11335
487,158,676307772050,Visa,08/34,22475
488,689,4586094938895,Mastercard,06/30,25204
489,304,6596630130978720,American Express,03/33,42131
490,174,4642427833053,American Express,04/29,46602
491,744,6511745084248524,American Express,05/28,24026
492,353,4849306974633941,American Express,02/33,29447
493,895,213131469224774,American Express,04/30,46316
494,973,501807927295,Mastercard,02/31,14495
495,626,4460876725914,Mastercard,03/33,7474
496,867,4908679996250227,Mastercard,09/29,32039
497,144,4173650466550204,Visa,05/28,39911
498,732,4060565120207767,Mastercard,12/33,15512
499,841,4741102357010743,Visa,08/27,31893
500,776,4722604694005,Visa,05/30,38519
501,656,30582608768231,Mastercard,08/26,46333
502,69,213191840474217,American Express,02/27,14267
503,448,4572357151332891,Mastercard,10/34,10308
504,502,4490707891270,Visa,03/34,34951
505,226,676349279882,Visa,10/24,28653
506,902,213133312746573,Mastercard,05/31,35933
507,668,5573621918008417,American Express,02/31,39880
508,96,30337033339995,American Express,10/31,39327
509,87,213149510521691,Mastercard,09/30,25170
510,883,589513407314,American Express,01/25,22074
511,521,3522880388915132,Mastercard,01/28,20940
512,978,180094434770793,Mastercard,11/28,10458
513,587,3500668008109160,Visa,01/34,49534
514,315,3536286170242475,American Express,05/26,6731
515,554,4327890201858414,American Express,03/34,33506
516,804,3532333917248730,American Express,08/29,7425
517,618,30596499737980,Visa,11/27,16369
518,390,4450055511057045,Visa,08/30,13504
519,898,2387127533411096,Mastercard,07/30,38281
520,620,676115437003,Visa,11/26,9218
521,894,2256336191174130,Mastercard,05/27,26108
522,406,2262241319676218,Visa,10/29,15246
523,280,3571662260608484,American Express,01/30,45147
524,59,371443755269860,Mastercard,11/31,17511
525,842,676157352482,American Express,04/32,31678
526,974,2239294423546009,American Express,07/32,23960
527,856,503879047655,American Express,11/30,16860
528,991,4069274715914744,Visa,08/25,48887
529,892,3534622719871824,Mastercard,01/26,12987
530,380,349415944374826,Mastercard,11/32,39776
531,834,4072872860007,Visa,12/28,32257
532,128,36461952814806,American Express,12/30,38395
533,17,3523617983814768,Visa,01/32,5080
534,417,6011567316186537,Visa,11/32,25566
535,701,4717573630700484,Visa,02/33,39342
536,772,4001102024291234,Mastercard,07/31,33032
537,952,6011858140961025,Visa,01/27,30519
538,757,3505748871405666,Visa,03/25,36378
539,210,347198418184689,American Express,12/32,25132
540,486,675923796527,Mastercard,02/34,21588
541,260,3510274172328146,Mastercard,09/31,6498
542,204,4903166889288,Visa,10/33,17438
543,118,6011510259226068,Mastercard,08/31,33351
544,611,2221445598483721,American Express,01/26,8920
545,501,4556729769071964,Mastercard,12/31,29921
546,629,675982057712,Visa,01/28,15571
547,623,3589377918341327,Visa,10/30,12728
548,740,4905490581736958911,Visa,07/29,35901
549,480,502099382124,Mastercard,04/26,23347
550,93,38964220447513,Visa,09/31,44677
551,964,4706341184572425,Mastercard,11/28,34067
552,29,6595393285746316,American Express,02/34,24919
553,451,6011758715241359,American Express,12/30,42617
554,964,213155045203036,Visa,08/31,38518
555,399,3596081030791945,American Express,09/26,13747
556,147,6011029965884219,Visa,05/28,21013
557,742,30481796543987,American Express,10/31,26978
558,156,2717767849870450,Visa,06/33,43402
559,421,378416679064370,American Express,01/27,46027
560,760,4325963431041,Visa,11/24,42570
561,996,3551557524892656,Mastercard,05/34,21238
562,466,4639189749704596127,American Express,09/32,20450
563,150,4652408954260756,American Express,12/32,21742
564,640,4817778052005033570,Visa,10/30,48549
565,284,375900234136016,Mastercard,05/28,16127
566,889,180019650323480,Visa,01/33,26421
567,285,4293982150772256,Mastercard,05/26,8528
568,499,30099107229573,Mastercard,12/31,13200
569,277,4112373021080294,Visa,05/33,44071
570,924,6011788321745246,Mastercard,04/28,18429
571,623,6011595703293046,American Express,05/34,43564
572,156,30532476998949,American Express,02/28,39034
573,1,675978941010,Mastercard,02/26,11928
574,318,3566388953020475,American Express,08/28,5972
575,906,347922772731680,American Express,02/32,43347
576,109,3537199791264324,Visa,03/27,11751
577,921,343482246447235,Mastercard,10/32,10491
578,439,3508244954584954,American Express,01/29,24429
579,535,4067614910944768,American Express,09/29,48234
580,284,213168799454135,Mastercard,03/27,7175
581,781,3500382974555709,Visa,02/30,19434
582,198,4739723468343,Visa,10/33,20969
583,97,2239689050714152,American Express,01/28,5221
584,774,349075382598748,Mastercard,05/28,6159
585,75,4196275071250066,Mastercard,03/29,28003
586,244,4884917512403344,American Express,11/28,20025
587,52,3537799763977165,Visa,04/26,20978
588,232,2444759015779441,American Express,01/34,37607
589,604,639037589830,American Express,01/33,6735
590,452,180025179195945,Visa,11/26,37692
591,427,372790137056681,Mastercard,07/29,16792
592,542,371251341977502,Mastercard,05/33,17940
593,11,3548608913090539,American Express,03/34,30779
594,548,4525911463797610359,Visa,10/30,23995
595,304,6585668139201614,American Express,06/26,12988
596,336,675927452259,Mastercard,01/30,5483
597,1,4141117082154,Mastercard,10/33,6382
598,857,36915560087501,Visa,06/28,44230
599,517,3579158502697403,Mastercard,04/28,23644
600,651,3575931221863777,American Express,09/30,47167
601,280,4973373410590,American Express,02/25,38071
602,147,30487430536030,Visa,09/26,33086
603,586,180005728579997,American Express,11/27,36457
604,813,36150025155467,Visa,03/27,30385
605,590,4308083150450486259,Mastercard,10/26,40634
606,476,2496506624705268,American Express,12/25,43412
607,458,180097940858655,Visa,09/31,46236
608,928,36370670839401,American Express,01/33,11728
609,897,2701606705148619,Visa,11/30,31734
610,762,180043514313735,American Express,02/29,33664
611,409,5408821832930834,American Express,08/25,28567
612,916,5112411475051366,Mastercard,01/33,42126
613,16,501829834719,American Express,06/34,40212
614,495,30572535898060,American Express,11/33,39584
615,758,6567673680683733,Mastercard,04/25,43550
616,918,3517670069445880,Visa,12/32,19851
617,611,2279433300421685,American Express,03/31,8635
618,667,4857999185318911,American Express,11/30,17093
619,819,180088031084186,Mastercard,06/34,42824
620,472,340333555697279,Mastercard,07/33,22715
621,573,4561928062154021,American Express,07/31,8763
622,248,4720027283187676,American Express,07/32,27490
623,982,4413022639936849827,Mastercard,05/26,44811
624,597,213158507220878,Mastercard,05/28,34409
625,395,4218212804243,Visa,05/32,18821
626,125,3572414053785353,Mastercard,09/25,43111
627,527,3591255954288170,American Express,12/24,7793
628,693,180097084103348,American Express,07/26,36790
629,166,4501308175226,Mastercard,05/34,21905
630,868,4444761009501142,Mastercard,10/27,13885
631,757,4919091667475975,American Express,04/28,33102
632,300,4336065577004047,Mastercard,06/28,10934
633,377,30156185841750,Mastercard,01/26,36612
634,185,377120123319197,Visa,01/26,29713
635,818,675923300817,Mastercard,03/34,18107
636,46,3542818523348971,American Express,03/27,35600
637,503,2255554886962624,Mastercard,08/29,47642
638,700,3536185617584798,Mastercard,12/30,6695
639,299,4590623251374,Visa,04/26,9326
640,835,3571763797542640,Mastercard,02/25,15494
641,946,6502802675899008,Mastercard,04/28,48514
642,533,370864241398529,Visa,09/30,21802
643,194,4887189124122,Mastercard,06/26,39412
644,430,373111983848486,Visa,11/28,47755
645,719,3599665167638601,Visa,07/29,6692
646,148,30074900888081,American Express,04/27,42394
647,314,3505726390670937,American Express,10/29,15927
648,440,30092396515778,Visa,04/30,28146
649,853,347078831137326,Mastercard,07/30,19013
650,936,4977199863544,Visa,08/33,13902
651,197,4895822800214529909,Visa,07/32,28487
652,473,373675995612338,American Express,10/31,44066
653,736,213112097120360,Visa,08/28,43385
654,235,4190163337112229913,Visa,08/25,20181
655,575,370260477766838,Mastercard,06/25,30680
656,692,4877845004563812062,Mastercard,12/31,44676
657,931,675976545599,American Express,09/30,40855
658,164,4636133083784271473,American Express,02/32,47062
659,615,180021261503047,Mastercard,11/33,5669
660,498,30501978982628,Mastercard,12/27,48748
661,177,3504233466473669,Visa,01/31,7112
662,819,30193545421403,American Express,08/25,37152
663,878,4173924562332999591,American Express,01/26,7275
664,974,36139974046470,American Express,10/31,25723
665,338,6545564945257685,American Express,06/28,13436
666,928,675984360106,Visa,12/25,47988
667,579,6586148394470526,Mastercard,01/31,38954
668,688,4749277175598798,Mastercard,10/30,6292
669,564,376157313842621,Visa,03/25,30604
670,729,060426908673,Visa,03/26,40040
671,118,4264789079864378,Visa,01/30,34784
672,698,4412731775495306,Visa,01/27,42940
673,696,344766365391508,Visa,10/26,19233
674,737,4757359878218376,Mastercard,11/28,6573
675,693,4283711364206,Mastercard,03/31,21627
676,767,349599784367097,American Express,09/34,12989
677,727,370906545738221,Mastercard,06/29,35954
678,490,344026860586213,Mastercard,08/32,23995
679,762,4795378554171001218,American Express,07/25,48741
680,662,4078021320918,American Express,12/31,45964
681,164,213113562185318,Mastercard,12/28,46824
682,103,4464612840458,American Express,08/32,31302
683,450,3556240565309808,Visa,02/29,45527
684,613,4649026118463,American Express,05/27,22582
685,610,2622661534433324,Visa,03/31,22523
686,906,4442962592957012,Visa,07/26,34616
687,830,4553005341135962,Mastercard,08/25,17675
688,426,4606324188127637,American Express,10/30,35891
689,338,30107606457817,Mastercard,01/33,39873
690,722,3582752800004513,American Express,04/31,44911
691,423,374166240534161,Mastercard,03/29,35722
692,556,340426655617781,Mastercard,01/32,8510
693,146,3517001398656627,American Express,07/28,12126
694,350,345357221470030,Mastercard,08/30,49479
695,683,3504980576192130,Visa,11/29,45013
696,621,4037595524263,Visa,07/30,37024
697,406,4870500277279012,Mastercard,02/25,23744
698,507,4599831655551395,Visa,10/26,15191
699,162,3598701616236753,Mastercard,01/25,24634
700,507,3569563952648909,Visa,01/32,47280
701,475,3500952126762831,Mastercard,10/28,17631
702,988,5224993003440059,Mastercard,04/25,14923
703,165,2666274150432211,Mastercard,08/29,39210
704,650,340361851999016,American Express,02/25,47602
705,961,213193181144680,American Express,07/32,39095
706,728,30108577120590,Mastercard,02/25,27534
707,481,630459770180,Visa,05/34,40118
708,27,578498818074,Mastercard,09/31,43277
709,80,3562094211649568,Visa,05/33,12912
710,943,340946601840864,Mastercard,09/34,14105
711,546,4497472660952469,Mastercard,03/29,8829
712,582,4482821977325644,Visa,05/31,24906
713,770,2607081137527613,Visa,01/34,14024
714,853,2718084162930328,Mastercard,08/26,37725
715,559,4704353738521370,Mastercard,10/32,19918
716,945,4237221223088136051,Mastercard,05/30,29731
717,833,4649997581110141,Visa,01/31,18369
718,663,4956588850921057,Visa,05/26,29563
719,895,6526545586324341,Mastercard,06/30,39803
720,672,6011307558578038,Mastercard,06/28,31923
721,87,4738680563330133,American Express,05/27,24883
722,542,4679396427582,American Express,11/24,29359
723,921,2276260817837712,Visa,12/28,31274
724,642,4766972833042,Visa,09/30,14829
725,383,180040454008341,Mastercard,12/25,28054
726,550,3516853099600002,Mastercard,07/25,25958
727,224,4601131813393160,Visa,06/28,38442
728,345,180027135051642,American Express,04/28,37962
729,214,2720474204883211,Mastercard,03/29,47755
730,432,502034956511,American Express,09/26,5680
731,39,630409775420,Visa,12/29,20701
732,797,4722122931042791,American Express,09/34,14454
733,875,571911779213,Visa,12/31,27915
734,515,4940164775211971,Visa,05/33,38424
735,293,4301837172426788,Visa,08/25,13746
736,49,6582814766844267,Mastercard,01/32,6814
737,652,4589436710287316,Visa,04/25,40322
738,279,3597043260179158,American Express,03/26,42615
739,604,630493107514,Visa,09/27,35998
740,704,4651031177054266734,Mastercard,08/26,13318
741,316,4623783348100330,American Express,07/31,37763
742,138,3564269987729756,American Express,03/32,8848
743,500,4030051253866065291,Mastercard,12/24,30725
744,84,4150564901590823,Visa,12/32,7927
745,818,4646802905394798,Visa,11/32,7942
746,389,3546688628853977,American Express,08/31,34787
747,274,2720312445483062,Mastercard,01/31,22542
748,184,4674738242075053681,Visa,02/26,8665
749,118,4887757009170190948,Mastercard,02/32,15412
750,91,30206589358925,Mastercard,09/30,45947
751,270,2258189345563858,Visa,04/27,23384
752,771,3522530859386764,Mastercard,01/25,46333
753,155,060409676685,Visa,05/27,11573
754,10,213128298143308,Visa,06/25,41305
755,746,347342570158822,Visa,10/27,40804
756,483,3574693283088062,Visa,08/31,10352
757,861,4590731884538,American Express,12/32,21235
758,156,3575556105893325,Mastercard,01/26,26435
759,811,4315987994827,Visa,08/29,48555
760,982,30104379409802,Visa,01/31,23152
761,930,4144691414520281550,Visa,02/27,24277
762,582,30279155401866,American Express,12/29,17790
763,374,6011255507433211,Mastercard,10/31,28686
764,579,180025188609589,Mastercard,07/31,26819
765,153,4800448018045751774,American Express,10/26,46630
766,915,3549627035764069,Mastercard,04/34,10512
767,917,4039847665597,Visa,08/33,40660
768,215,4771740899593153101,Mastercard,07/28,8303
769,969,6512957651901083,Visa,09/29,48678
770,912,30141652554631,American Express,01/30,8864
771,829,588982929519,American Express,02/34,39645
772,608,4885938124674238,Visa,03/30,26985
773,103,4834921672414969,American Express,06/33,17299
774,303,4604370998588154064,American Express,09/28,34387
775,514,4059722851039,American Express,12/30,42332
776,726,564843110946,Visa,01/30,49768
777,56,676323635901,Visa,06/34,7280
778,786,4855888126731849,American Express,09/31,15452
779,814,4173209840375133,Mastercard,09/26,30706
780,508,4358226681587805,Visa,10/29,32768
781,7,4117841282433720,American Express,07/32,13564
782,265,2297619410330166,Mastercard,03/32,17238
783,171,5379350463238478,Visa,11/27,10210
784,999,675992781129,Visa,08/30,30613
785,18,345401254974763,Visa,02/27,11900
786,962,213105020992780,Visa,10/24,29018
787,27,4678203829104317,Visa,08/25,8216
788,220,4030124146839414,American Express,11/29,37147
789,799,4976190088648515,American Express,05/28,37618
790,25,3567823127534794,Visa,01/25,48710
791,624,6011401778907497,Mastercard,05/32,30023
792,757,213163132721647,Visa,05/30,29745
793,511,2475627055965141,Mastercard,10/33,43888
794,689,3545836964279759,American Express,10/29,45977
795,252,5546782623639633,Mastercard,06/31,42389
796,552,3595699566104075,Mastercard,03/31,38207
797,369,213180175327801,Visa,11/29,7151
798,19,4445238769577,American Express,09/30,21468
799,823,568531892269,American Express,01/32,33586
800,473,676211825671,American Express,07/27,21955
801,201,4890850707211168,Mastercard,03/28,16136
802,420,3586710928076660,American Express,04/29,46817
803,961,38335569489012,Mastercard,10/31,18247
804,139,3544507948744264,Mastercard,04/34,22685
805,461,38881210615307,Visa,07/31,12662
806,927,3577952607849121,Mastercard,04/26,26117
807,10,30426901491671,American Express,09/25,30740
808,692,4099625449607632025,American Express,05/25,43105
809,754,676334120026,Mastercard,05/34,11148
810,100,3534387013230420,Mastercard,04/33,23198
811,365,502033989570,American Express,12/29,38471
812,37,6011696358663416,Visa,01/27,13828
813,208,6575067394451885,Mastercard,06/33,21519
814,444,6011503519813403,American Express,10/24,6307
815,226,349114396729161,American Express,08/33,10464
816,22,3517922648141534,Visa,09/25,21286
817,92,3520475716362776,Visa,04/29,42646
818,778,30246884174759,Visa,05/26,18810
819,574,3504926407962803,Visa,03/27,41653
820,577,180060014180976,Visa,05/26,37779
821,149,3506317197720924,Visa,09/29,35372
822,941,4356806421725872,Visa,05/28,20402
823,726,3536841176141376,Visa,01/30,16600
824,169,345255045393653,Mastercard,02/32,37326
825,128,5411517957743029,Visa,04/34,39852
826,147,6011035420857336,Mastercard,01/26,38020
827,188,4157235242062425524,Visa,12/32,24910
828,211,36204476119926,Mastercard,11/30,17963
829,289,180080613623200,Visa,09/30,28747
830,472,30054625321634,American Express,04/25,28992
831,685,4523473679873,Visa,02/32,46282
832,674,180061478036480,Visa,01/26,23014
833,188,6011246976866064,American Express,04/26,34014
834,498,4055487297385335629,Mastercard,12/24,15258
835,875,4350984805759357,American Express,10/29,16935
836,85,503882955316,American Express,03/33,33700
837,864,2234516197911604,American Express,01/27,28953
838,230,4500393429993,Visa,08/28,19517
839,823,4274381006375,Visa,11/32,17816
840,924,341528811906401,Mastercard,09/27,34183
841,148,3584339774370076,Visa,12/30,32781
842,661,4923877083398617,American Express,02/34,49068
843,302,4221130109435768,American Express,01/29,34449
844,136,3544137659076662,Visa,09/31,20886
845,651,565889713022,American Express,12/25,26734
846,97,3564745810529042,Visa,03/33,22056
847,824,503823882074,American Express,10/26,25654
848,421,36647019339528,American Express,07/29,46461
849,696,180021726721341,Visa,03/32,40302
850,115,502010950884,Mastercard,02/26,9356
851,605,4168078201125610,American Express,11/30,35813
852,431,4538568807882,Mastercard,06/29,42664
853,105,4231632493872553698,Mastercard,10/32,37073
854,524,213111683872624,American Express,12/24,41452
855,557,3524486362238398,Visa,12/25,33668
856,96,3539622159118293,Visa,10/28,10844
857,792,4078383717971039,Visa,10/32,23538
858,473,4207364372612,Visa,03/31,33093
859,89,3523411130595235,Mastercard,03/27,22219
860,164,340789650424614,American Express,09/34,23682
861,953,370086086599835,American Express,01/30,24217
862,818,3584369683032848,American Express,05/29,15943
863,21,4515875841504344047,Visa,11/24,44668
864,888,4960100586635847,Mastercard,01/26,40051
865,797,30585920710682,American Express,07/25,15668
866,991,30323400713749,American Express,07/34,28844
867,99,30173640377296,Visa,06/25,27524
868,445,3546491616350894,Visa,07/25,13647
869,15,180081857167250,Mastercard,09/29,13805
870,237,377020293501352,Visa,10/33,13843
871,812,180057152210367,American Express,01/28,46646
872,910,4712995457141246665,Mastercard,10/29,48084
873,120,180003960585020,Mastercard,02/25,41389
874,758,213122250040420,Visa,12/28,6806
875,873,3532140736270054,Visa,07/28,33412
876,535,6533993301729678,Mastercard,06/27,48961
877,956,3507054704048775,American Express,06/32,49905
878,847,6544111383442535,Visa,12/24,33591
879,828,4222885943585745661,Mastercard,03/26,8385
880,712,639033944377,American Express,11/27,31062
881,389,3565700028155584,Visa,08/29,16437
882,486,4185382712070797,Mastercard,04/32,32132
883,210,6568574598071384,American Express,03/29,5967
884,65,4003252293288102,American Express,07/30,32461
885,26,3512654427047591,Mastercard,03/33,28464
886,823,4712686637428,Visa,04/29,24686
887,689,4159626851844,Visa,05/32,25851
888,177,379037192692049,Visa,12/29,17240
889,736,180084057857480,Mastercard,08/33,27083
890,127,4092396570838956,American Express,07/27,24033
891,216,3526823361883865,Visa,01/31,9488
892,253,4286078692010,Mastercard,12/33,33047
893,497,213104422549686,Visa,06/25,16583
894,902,4759710180979670716,Visa,05/31,7212
895,662,3546739539902658,Visa,09/30,47312
896,90,4902183693670940,Mastercard,03/32,47151
897,736,4444872238692550,American Express,11/33,12719
898,609,4010252385047,Visa,01/30,42774
899,206,4432613260950,Mastercard,06/28,44266
900,900,30566955515436,Visa,12/25,13672
901,774,4798949158252,Visa,06/30,46799
902,225,180097962602239,Visa,03/33,5204
903,766,3518886948249553,American Express,12/33,37008
904,87,370477264271745,American Express,04/32,10729
905,55,4003104306615443,American Express,06/26,23329
906,396,213163059032291,American Express,07/27,26972
907,101,370888201298916,Visa,04/34,46245
908,47,3526001550769340,American Express,06/25,31530
909,760,3526428188650511,Visa,02/30,42879
910,188,6011218419966793,American Express,11/29,23933
911,49,213163567870638,Visa,05/33,43529
912,953,568376195877,American Express,09/25,22543
913,799,213179907405729,Mastercard,08/31,33636
914,969,4396415603254990,Visa,02/31,49817
915,313,3547992998132890,American Express,02/34,10293
916,350,4104530291163734,Visa,08/33,36906
917,592,4633697301186,Mastercard,01/28,20216
918,126,30235684596345,American Express,04/30,39637
919,40,36287854036150,American Express,03/28,45552
920,26,676245653016,Mastercard,07/34,43508
921,324,6518968485705099,Mastercard,07/34,45559
922,809,3533156630704633,Visa,06/29,29704
923,758,4002964056949297,American Express,03/26,34272
924,396,3510635659737076,Mastercard,02/32,5532
925,203,3523319036343586,American Express,02/32,23059
926,844,2720551328094195,Mastercard,05/34,29406
927,36,6011356334140290,Mastercard,12/28,36733
928,224,3500856777764998,American Express,09/32,9814
929,796,346030114720196,Visa,06/30,43498
930,136,4352276520833288,American Express,05/28,44155
931,713,213173127175949,Visa,04/27,19787
932,721,3593554280087696,American Express,11/28,32649
933,647,213155132139937,American Express,12/33,26638
934,738,6509811837327124,Mastercard,09/25,43551
935,602,4313341958159834,Visa,02/25,18067
936,21,4682989291413673,American Express,04/29,31825
937,401,639036808140,Mastercard,01/28,38977
938,211,180039994014066,Mastercard,05/32,8354
939,766,3594534144386483,American Express,09/34,45992
940,194,342432987258987,Mastercard,10/26,21857
941,105,3594501409163873,Mastercard,12/30,20233
942,204,3548633286321469,Visa,06/29,31630
943,314,4426052453679333,Visa,10/25,20270
944,952,4790791402147796059,American Express,09/25,13173
945,230,4801941694546,Mastercard,06/26,14794
946,2,348881533587451,Mastercard,02/33,39750
947,544,4016047682867537880,American Express,04/25,18153
948,430,340460099875671,American Express,05/25,49520
949,316,30401837246630,Visa,02/25,37378
950,320,180016512264985,Mastercard,10/28,29852
951,205,30233543329289,American Express,04/32,25192
952,564,180099707606418,Visa,04/34,25048
953,874,30554573030707,Visa,07/25,47672
954,68,4482891956407,Visa,03/31,14175
955,5,4137071652676007,American Express,03/33,20403
956,213,4286389170496323919,Mastercard,02/32,9638
957,569,213134415039304,Visa,02/28,42560
958,780,3554373550186881,Mastercard,04/28,48671
959,116,4476924165366384,Visa,12/25,21283
960,260,4853550627288032,Visa,12/24,31393
961,389,5418621753368099,American Express,12/25,40901
962,738,4104340705139126,Visa,07/25,27990
963,857,6579750709294399,American Express,05/26,27943
964,301,3555908237662058,Visa,07/29,34763
965,175,346660678945456,Mastercard,02/26,31919
966,375,575289716079,American Express,05/27,12485
967,371,676337144759,American Express,07/34,27060
968,466,3526622676065790,American Express,04/28,44571
969,100,3535138224974119,Mastercard,07/32,31693
970,722,4335906256731635,Visa,09/31,39312
971,7,4295687522435106,Mastercard,04/26,35687
972,407,30443104022112,American Express,05/29,6421
973,269,375070286197918,American Express,05/34,30321
974,147,6011274617669556,Visa,12/30,25489
975,699,4837444887493612985,Mastercard,07/27,28418
976,372,4346561292641525,Visa,08/33,37974
977,426,3569314306944838,Visa,03/34,39327
978,765,30208641367167,Visa,11/29,46407
979,591,676228343767,Mastercard,07/25,39962
980,340,372239620972400,Mastercard,06/33,26402
981,820,30378239642600,American Express,07/32,6217
982,555,3501212563731289,Visa,10/24,49401
983,578,4637776210564410829,American Express,06/28,29188
984,676,3598639714898738,American Express,02/34,34552
985,453,4452280182659,American Express,11/32,22714
986,863,6532847567650948,American Express,06/33,35020
987,296,675928318392,Visa,04/34,33256
988,138,4033462939604323,American Express,12/30,11945
989,658,4918350648241,Mastercard,05/32,18048
990,978,4177202152982030,Visa,12/25,39100
991,333,4480098255797,American Express,08/31,7950
992,492,213151656950510,Mastercard,09/30,10263
993,3,4574780749971268,Mastercard,02/34,47701
994,229,6548507397942616,American Express,08/34,31169
995,380,4065871756573620,Mastercard,09/25,20816
996,987,588571119480,Mastercard,09/25,34142
997,743,4350924173284,Mastercard,03/25,12527
998,728,340910310616957,American Express,01/25,10922
999,651,2481630626690828,Visa,06/29,16857
1000,945,2237203941489271,American Express,05/25,44983
1001,740,3542698111061008,Mastercard,10/26,18096
1002,449,6529848030251418,Mastercard,12/27,37225
1003,793,377795493369524,Mastercard,01/27,32896
1004,296,180048040947880,Mastercard,04/30,26280
1005,478,6525546580117161,American Express,02/33,35227
1006,459,2720717762107740,American Express,10/32,41020
1007,906,2296834300766079,Visa,12/31,12523
1008,912,30108589348965,Visa,02/31,30007
1009,655,4132792281492,Visa,02/27,22616
1010,106,30291484416036,American Express,12/28,19148
1011,95,2708528914239190,Visa,02/26,28568
1012,71,4587108327844878,Mastercard,08/26,36193
1013,621,4061485247553,American Express,06/27,21866
1014,235,3504983046220218,Mastercard,12/27,29452
1015,393,585782384754,American Express,03/34,36074
1016,48,180030623241162,Visa,07/32,46017
1017,581,4860978684009366,Mastercard,12/25,24797
1018,837,3565430037187515,American Express,12/29,9231
1019,902,4791614142892143,American Express,03/32,16019
1020,269,213149493840720,Visa,11/24,40236
1021,670,4177239011013181815,Visa,08/31,24876
1022,459,3534615945560401,Mastercard,09/33,9309
1023,14,4635536100243512605,Visa,05/34,21364
1024,211,4473471375285734,Visa,04/30,7482
1025,611,3509681841861872,American Express,06/28,45628
1026,660,4650240721863766,Visa,11/33,17631
1027,118,180059673525711,Visa,02/26,28638
1028,370,6011482280141650,Mastercard,11/29,13951
1029,302,3509384136211479,Visa,12/30,42132
1030,538,4810096076334168,American Express,04/34,21260
1031,605,3526528963522700,American Express,10/33,15224
1032,946,4432150747203,Visa,03/30,14597
1033,742,4261612188650635516,Mastercard,05/26,26955
1034,223,6599741798475250,Mastercard,11/25,7362
1035,252,5509609516742601,Mastercard,04/30,38573
1036,315,3537163390838706,Mastercard,05/25,48924
1037,958,30135404197475,American Express,07/30,41600
1038,229,3515849144630144,Mastercard,05/34,45153
1039,882,180000116895097,American Express,05/29,30738
1040,347,4089785011336221,American Express,07/34,5290
1041,389,4104545679951051936,Mastercard,11/26,41045
1042,652,4496742915346035,Visa,03/34,7011
1043,449,676124944676,Mastercard,07/31,18133
1044,393,36956837862755,Mastercard,10/30,39360
1045,248,3514863156714069,American Express,05/26,23337
1046,457,213193825578160,Mastercard,09/30,5368
1047,872,3572373214454251,Mastercard,06/27,22391
1048,674,4082974965076666593,Mastercard,08/26,22104
1049,115,4960471749332543,Visa,06/34,6264
1050,306,3590420336660303,Mastercard,11/26,24493
1051,581,373533329760796,Mastercard,06/29,29688
1052,741,2273788325985964,American Express,11/33,31413
1053,321,4713593235693094,Visa,07/25,40797
1054,201,30473112237485,Visa,12/28,25828
1055,231,180085620787625,Mastercard,05/33,48769
1056,734,6011649409503057,Mastercard,06/31,22872
1057,955,560343249333,Mastercard,03/26,42142
1058,157,36128287432055,Mastercard,03/34,12721
1059,891,30453922822130,Mastercard,01/31,6826
1060,935,3565554095189053,Mastercard,10/30,37267
1061,923,3587179915186230,Mastercard,10/27,22534
1062,388,3561681852055815,Mastercard,11/26,14406
1063,821,3529403811132036,American Express,09/29,25017
1064,709,4845023915508561,Mastercard,08/27,28346
1065,223,676221699181,Visa,02/25,13844
1066,786,2296279737896760,Mastercard,02/34,19131
1067,955,4430529002755,American Express,10/27,8080
1068,461,4503126702613230,Mastercard,11/28,22562
1069,488,36133209240602,American Express,12/32,40643
1070,208,3540514234411040,American Express,10/25,32626
1071,841,3526603969976331,American Express,09/30,11587
1072,208,3500147474048020,American Express,11/31,49116
1073,240,2710648416601071,American Express,05/27,10976
1074,112,3500567040423755,Mastercard,04/32,38754
1075,313,4158509216595571,American Express,11/24,34673
1076,403,503820232828,Mastercard,12/24,34584
1077,553,639031864361,Mastercard,04/32,37124
1078,783,30396004944431,Mastercard,12/33,10759
1079,633,676358251855,Visa,06/26,20244
1080,490,676139984709,American Express,11/27,12682
1081,871,4620738529727,Mastercard,02/25,41672
1082,622,4104318905932615,Mastercard,01/33,27396
1083,59,4033403138243346978,Visa,06/32,41963
1084,778,30491278801597,Mastercard,01/27,11926
1085,235,4422409978552177,Visa,03/33,40692
1086,790,30360951658964,American Express,09/33,24554
1087,364,30097796624088,Mastercard,08/28,10125
1088,343,3565156261594312,American Express,08/27,18023
1089,619,675964212061,Mastercard,01/30,25932
1090,215,4994617845779736,American Express,11/27,10077
1091,923,180079608218232,American Express,02/29,47577
1092,862,213177579212936,American Express,06/32,37565
1093,718,4731935775936003,Mastercard,09/31,17925
1094,987,4133238568197642,American Express,05/32,20340
1095,902,3589398713429596,American Express,12/30,5798
1096,782,347909141466189,Mastercard,03/28,16600
1097,225,4670662277298962,Visa,11/31,21024
1098,209,4928835743242067,Visa,02/26,19355
1099,138,4595639366283495207,American Express,05/34,34935
1100,478,6011816420621305,Visa,04/27,17272
1101,380,3520476321042878,Visa,08/25,9430
1102,330,376608715346801,Mastercard,03/25,46930
1103,226,180083448575371,Mastercard,05/32,36262
1104,115,3565826002701406,Visa,04/31,42415
1105,236,30244888625199,Visa,01/29,24101
1106,701,340419615132256,American Express,01/31,44833
1107,765,180082508922887,American Express,06/32,46572
1108,952,2516748238500315,Mastercard,05/26,7740
1109,136,4386855294848029710,Visa,01/28,36384
1110,535,213181907906656,Visa,08/29,37016
1111,170,4091533823055,Mastercard,10/32,20270
1112,323,4956685420397899,Visa,10/26,24097
1113,507,2714439954808591,Mastercard,01/29,23866
1114,647,587066272440,American Express,12/27,47382
1115,76,639068671721,Mastercard,05/28,8936
1116,880,348219865885492,American Express,11/33,7089
1117,908,3577992852416846,Visa,01/29,45697
1118,773,5563277971513884,Visa,10/32,23494
1119,600,6577759803926964,Visa,11/29,38408
1120,678,213129548664903,Mastercard,04/33,17254
1121,57,4955365186413492,Mastercard,09/31,17749
1122,636,2508176320600746,Mastercard,03/31,14298
1123,968,4144245832250,Visa,02/30,28637
1124,234,6561300580160523,Mastercard,06/29,13207
1125,173,3514995063085363,Visa,09/34,13561
1126,624,4310908799172584798,American Express,10/26,44886
1127,944,3509368762152883,American Express,01/26,19435
1128,821,30415737473045,American Express,12/24,32684
1129,284,3532625575045385,Visa,05/27,44374
1130,203,4326087201777154985,Visa,07/25,28557
1131,435,4717657117919061,Mastercard,08/30,40478
1132,293,3541797729486895,American Express,11/26,45538
1133,699,4082320456919598913,Mastercard,02/25,22071
1134,35,563043623799,Visa,01/28,33485
1135,140,4729516560275913499,Mastercard,01/33,19566
1136,884,340521884669684,Visa,03/32,49012
1137,432,4526162177014319768,American Express,03/32,10470
1138,732,5345522034361903,American Express,08/31,35421
1139,585,4161578412716,American Express,11/29,40263
1140,2,180048873837349,Visa,10/33,18663
1141,457,6011910862058553,Visa,09/34,35146
1142,474,213191264624545,American Express,06/34,24555
1143,848,4002035618422,American Express,05/29,36675
1144,959,3516046095222463,Visa,03/28,11617
1145,164,6011886133143681,Visa,09/32,46194
1146,631,4786485210536301,Mastercard,06/29,20004
1147,477,3592003885766537,Visa,03/27,11213
1148,397,3548527378389444,American Express,08/30,37003
1149,812,4722088686907,Visa,05/25,45161
1150,388,060451671238,Mastercard,11/24,46578
1151,563,377959579525355,Mastercard,11/28,40468
1152,565,370380890052135,American Express,09/32,15753
1153,763,4638504019848152,Visa,07/31,42677
1154,363,4164210622514882,Mastercard,08/26,20093
1155,247,4862960341240554100,Visa,01/30,49997
1156,693,6011245258522668,Mastercard,11/31,19199
1157,507,3557823920962533,Mastercard,09/31,26992
1158,679,4513245747926,Mastercard,09/34,42420
1159,502,3528362488200974,American Express,11/32,41705
1160,335,4234200178698,American Express,04/30,47555
1161,84,4034680980754585,Mastercard,04/32,37828
1162,218,213194367355728,American Express,04/26,16930
1163,625,6011879572007319,Visa,07/26,29072
1164,119,2576093005228486,American Express,07/27,30313
1165,298,4994436402741140,Mastercard,11/31,6292
1166,92,4324991714589067,Visa,06/30,16486
1167,30,4353677467911826453,American Express,07/29,6221
1168,902,2262834713222108,Mastercard,08/33,41743
1169,655,6011253065933912,Mastercard,07/34,36609
1170,953,4441699372466241,Mastercard,09/33,33630
1171,904,675964531049,Mastercard,08/30,19080
1172,600,180090984417645,Visa,07/29,12515
1173,940,060456985310,Visa,05/33,38953
1174,257,213123257416878,Visa,02/26,18243
1175,879,4758224216862864,Visa,03/27,9542
1176,795,4921399376998,American Express,08/32,15722
1177,743,577226530167,Mastercard,11/33,44652
1178,884,4611481466381873,Visa,06/32,9036
1179,599,2269592125794071,Mastercard,11/24,45652
1180,474,180010529701063,Visa,03/26,20041
1181,674,4038252343824889,Mastercard,01/25,47573
1182,309,3514725259016843,American Express,10/32,17382
1183,542,4714708060427249,American Express,01/27,7794
1184,777,4760782393664460613,Visa,07/34,5277
1185,804,4610121786027092,American Express,10/29,9991
1186,110,503864109361,Mastercard,09/26,44466
1187,495,675984861038,Visa,07/34,11802
1188,22,3589574332803250,American Express,05/27,45616
1189,652,568907110379,Mastercard,05/29,41081
1190,209,4437525282461939,American Express,07/34,31091
1191,806,30264999780188,Mastercard,06/25,14028
1192,684,4831977291786503,Visa,03/29,36917
1193,80,4276488384076,Mastercard,12/27,43056
1194,116,4598259340288,Mastercard,02/25,14415
1195,524,6011840043300667,American Express,04/27,20189
1196,445,6011547948417153,American Express,07/30,41509
1197,351,4297632714755752,Visa,11/25,28955
1198,704,2701632406496081,Visa,10/31,38711
1199,327,4816194618981549,American Express,04/25,26788
1200,573,2243136116374088,Visa,04/26,37408
1201,474,213145272188323,Visa,01/30,38230
1202,303,6515183551597627,Visa,10/33,26603
1203,924,344253441788825,American Express,12/27,31545
1204,383,3588906173161466,American Express,07/33,6268
1205,840,180050039304917,American Express,12/26,30789
1206,242,30468102086652,Visa,07/27,13192
1207,248,180036194548083,American Express,09/34,30672
1208,788,378400788573224,Mastercard,03/31,10964
1209,40,4756292670238451,Mastercard,04/32,46994
1210,198,4984884431125186550,Mastercard,01/34,36465
1211,313,3562193528362848,Visa,05/29,48644
1212,285,4317443836675,American Express,05/26,28672
1213,848,3530623707006427,Visa,05/31,23218
1214,908,2720135118795318,Mastercard,03/30,42210
1215,967,4747886011685,Mastercard,07/28,14062
1216,224,4694717991849946,Visa,10/24,40854
1217,684,6011955928881365,Visa,07/26,9143
1218,366,180037319192724,Visa,09/26,49434
1219,4,3503853032861443,American Express,02/26,47588
1220,476,2236519468057204,Visa,07/25,6838
1221,526,4133190283276989,Visa,08/29,43895
1222,790,675993444420,Visa,02/30,32950
1223,143,6535645041235758,American Express,06/34,48637
1224,517,4938650597762047,American Express,11/32,38781
1225,413,587360404129,American Express,09/29,31237
1226,764,6574151745334239,Visa,04/28,36104
1227,179,6011732156642813,Visa,06/34,40892
1228,9,4259443526157906,American Express,03/32,12399
1229,784,180072804496694,American Express,01/32,28858
1230,176,4595314433843982,Mastercard,07/28,44246
1231,857,3518696037861212,American Express,07/28,26402
1232,761,2269371200744339,American Express,06/29,45110
1233,47,4782341009080353,American Express,03/28,20942
1234,160,4093699713765,Visa,06/28,48238
1235,640,4956717537255759,Mastercard,04/27,8577
1236,308,501893912508,Visa,03/30,24464
1237,498,4225260934146892660,American Express,08/25,43719
1238,687,3519649264911894,Visa,06/30,37652
1239,779,180035637525393,Mastercard,11/25,6229
1240,602,377408008300584,Mastercard,03/31,44584
1241,235,4035623606559413920,Visa,03/32,13835
1242,961,2342028645723846,American Express,07/31,14309
1243,612,4395876150143772,Mastercard,03/32,47740
1244,418,4632426707914987,American Express,09/32,38067
1245,548,3569584138198528,Mastercard,05/26,34761
1246,732,4935180646113836071,Mastercard,05/25,45102
1247,852,6011069395668477,Visa,07/34,9174
1248,263,2254676390475131,Visa,03/30,21184
1249,844,060464811342,American Express,07/34,25284
1250,537,4440929720840719,Mastercard,09/30,12031
1251,78,4402341747475641039,Mastercard,02/29,30994
1252,26,213130476738800,Visa,03/27,19970
1253,247,4734104882223709,Visa,01/33,17814
1254,562,6011491035152367,Visa,04/26,40389
1255,977,676377032732,American Express,03/32,17591
1256,753,347010483889953,American Express,09/26,23186
1257,236,582080813220,Visa,12/31,47644
1258,119,180091198900954,Visa,05/30,45033
1259,699,4756685638426243,Mastercard,12/30,30877
1260,344,6579206614623024,Visa,12/25,16263
1261,58,675907281207,Visa,05/26,5687
1262,994,340344920246635,Visa,11/25,24009
1263,739,4294261979772,Mastercard,10/29,43374
1264,104,3531144083619732,American Express,04/26,49258
1265,337,639018680897,Mastercard,01/28,45857
1266,201,3506109324597725,American Express,09/32,19304
1267,942,639089382704,Visa,05/32,31160
1268,985,3599203522441428,Mastercard,06/27,38975
1269,786,6520031705446311,American Express,04/32,14329
1270,738,4341440354401737,American Express,07/30,14278
1271,144,3511221262248634,American Express,08/34,6382
1272,840,4014662322374599,Visa,09/34,23509
1273,747,213176648206333,Visa,08/32,16437
1274,428,30042616506685,American Express,10/25,18729
1275,381,4727126368964687,American Express,12/32,27718
1276,296,4149354128002592170,Mastercard,05/29,19670
1277,54,213159011035794,American Express,11/33,18711
1278,742,4552383705212685058,American Express,10/30,12595
1279,97,30183596253490,Mastercard,10/25,11980
1280,848,639071799162,Mastercard,07/31,13925
1281,374,4352461531501384355,Mastercard,09/28,10172
1282,432,630441113408,American Express,07/28,48307
1283,406,4063720396312218006,Mastercard,06/25,19905
1284,549,4566675154602202,Mastercard,12/31,16183
1285,240,4058912985081842,Visa,08/34,17466
1286,371,4937059977509468,Mastercard,12/32,21523
1287,563,3599014426091031,American Express,05/28,10337
1288,581,6011079203311236,Visa,06/32,10589
1289,393,30245420577368,Mastercard,08/30,19111
1290,811,38541552225376,American Express,02/30,33723
1291,795,4576589138439847,Visa,09/26,29954
1292,653,6011672952418986,Visa,08/30,12637
1293,469,180068972047681,Visa,07/28,35525
1294,489,587218204879,American Express,03/31,48518
1295,678,3578081642934547,Visa,08/32,23264
1296,239,4218684177115061,Visa,03/30,44004
1297,927,213186163449044,American Express,04/34,14287
1298,233,6548710145501391,Visa,11/29,49898
1299,240,2376573085205712,Mastercard,09/33,42327
1300,293,3551120285163997,Visa,12/33,37634
1301,962,348762177438476,Mastercard,02/32,28469
1302,677,3567229986138612,Visa,10/32,11131
1303,242,6011638913709664,American Express,04/34,14638
1304,687,341873279023582,American Express,07/26,12663
1305,598,676156054949,Visa,01/26,11424
1306,370,3599398876661447,Mastercard,08/32,29606
1307,307,4703047226290,Mastercard,06/34,44587
1308,114,6563458695095451,Visa,01/31,40281
1309,294,3509192810822820,Mastercard,11/33,20929
1310,152,2716315142046617,Visa,04/26,29042
1311,706,4674996412384519,American Express,04/25,39349
1312,941,6552711810952748,Mastercard,09/34,31649
1313,748,583860116529,Mastercard,06/32,9799
1314,888,5468541422061249,Visa,07/30,5896
1315,233,4394499496464,American Express,08/29,11372
1316,189,2709729526312107,Visa,11/29,9876
1317,990,4449882330000276,American Express,10/27,28191
1318,137,565227688704,Mastercard,12/24,38917
1319,962,371045068922034,American Express,07/27,7267
1320,821,213139639369163,Visa,02/25,41608
1321,548,584810953540,American Express,11/24,22747
1322,139,3507924993725921,Visa,12/25,29178
1323,844,30337121196000,Mastercard,10/32,40408
1324,17,4132936987763640483,Mastercard,03/27,13070
1325,582,4359053030135267366,Mastercard,11/27,14483
1326,213,6521719315794067,American Express,03/33,7665
1327,702,371191484732332,Mastercard,11/27,10999
1328,924,4225511041482529,American Express,01/34,24306
1329,793,4870072832790917,American Express,12/24,42242
1330,406,4568235158437176,American Express,02/30,26824
1331,488,38833322884024,Visa,10/32,6960
1332,753,567113077737,American Express,11/30,47336
1333,336,6011123528758349,Mastercard,07/33,10176
1334,932,180064618629776,Mastercard,04/31,38895
1335,379,3509784143947702,Visa,01/34,13158
1336,496,180046929890395,American Express,03/28,44329
1337,778,376204157930243,Visa,03/27,10622
1338,995,3509608786564450,American Express,08/27,39495
1339,818,3574544624293400,American Express,02/28,18128
1340,978,180080247767415,Visa,07/34,16762
1341,986,503870112730,American Express,05/34,47602
1342,238,180015383094687,American Express,07/28,34013
1343,444,3569820426265821,Mastercard,07/26,32461
1344,700,3551111192407502,Visa,04/25,31676
1345,330,4174257865790859,Visa,11/24,29512
1346,542,6587925580327217,American Express,01/34,35804
1347,937,30342677850497,Mastercard,12/31,45265
1348,468,2588569610565467,Mastercard,10/26,37412
1349,692,4873173959612715,American Express,04/30,38334
1350,900,4370072425983726,American Express,04/26,20568
1351,491,4432356552568830,Mastercard,03/26,49506
1352,77,2265773687664837,Mastercard,11/33,26295
1353,861,4394055151334074364,Mastercard,02/25,17171
1354,908,30472067551593,Visa,01/32,26547
1355,439,180073528036832,Mastercard,10/29,17531
1356,683,630445355740,American Express,01/30,18096
1357,779,4173176742931,Mastercard,10/24,11130
1358,418,4203687174043522,American Express,03/27,11657
1359,100,4083121100806,Visa,05/26,21706
1360,169,377759478205509,Mastercard,10/27,27516
1361,404,180098311288530,American Express,06/26,35796
1362,143,4669098825845,Visa,12/30,15207
1363,453,4612276023517927312,Visa,08/25,9212
1364,502,4784003212391,American Express,01/30,45543
1365,924,4232133485135493870,Mastercard,01/29,34103
1366,30,3594483167878341,Visa,11/26,32275
1367,925,3526692321130331,American Express,11/27,25786
1368,24,4085748758949857,American Express,05/26,32823
1369,2,2720349554920138,American Express,10/28,15856
1370,652,6538889538895065,Mastercard,12/33,48881
1371,696,4884894005324,Mastercard,10/27,15489
1372,161,2594918808000641,Mastercard,10/31,43172
1373,621,4463067156352024,American Express,01/34,45493
1374,389,2295323496796869,Visa,12/28,23865
1375,546,3533590899924153,Mastercard,01/33,46883
1376,869,3553983360858494,Visa,11/33,5973
1377,582,3539290732667549,American Express,09/25,18542
1378,226,6011840794224439,Visa,12/29,13614
1379,627,4839047057121287,American Express,08/26,41024
1380,493,30308053932829,American Express,11/31,40051
1381,109,2249068167455298,Visa,07/26,46581
1382,948,3523115992812717,American Express,10/33,45770
1383,597,373294307184158,Visa,02/28,28238
1384,190,3501373275252368,Visa,01/33,18650
1385,291,180083323631075,Visa,11/30,34614
1386,29,180000028788539,Mastercard,02/31,17910
1387,25,4608917985339590275,Visa,03/28,43632
1388,172,3559200981035160,Visa,03/34,22910
1389,582,4996216632211595,Mastercard,06/28,13675
1390,498,4380444591383544,Mastercard,10/26,17337
1391,164,630415674385,American Express,04/33,39088
1392,915,377875779115633,American Express,08/33,17591
1393,852,213129541439980,American Express,03/28,36593
1394,609,6585361119031801,Mastercard,02/25,16533
1395,819,3569454876543584,Mastercard,04/32,25344
1396,777,3546143507198136,Mastercard,11/29,9803
1397,737,676160251127,American Express,09/32,29689
1398,508,213125686426113,Mastercard,10/29,19461
1399,567,3515941539093853,Mastercard,12/30,49719
1400,260,4947217392604243,Visa,02/31,7709
1401,944,503847720771,Mastercard,11/31,30037
1402,384,4994188451277290861,Visa,01/32,35060
1403,691,4952436218323224,Mastercard,03/26,7292
1404,144,2687353881304561,Visa,10/30,33832
1405,808,349396518466935,Visa,06/27,24345
1406,518,3565458786521055,American Express,01/34,12657
1407,894,5136767092254382,American Express,12/29,42750
1408,194,3572157314459124,Mastercard,11/28,9503
1409,283,6543760241773571,Mastercard,01/27,28747
1410,391,3517581492578553,American Express,11/27,40617
1411,738,213181400315132,Visa,09/34,47711
1412,144,4372945698388,Mastercard,08/31,43937
1413,302,4836865008534792,Visa,11/30,33570
1414,711,30430271496419,Mastercard,01/26,9726
1415,924,2720133480238082,Visa,03/30,47037
1416,157,38857788383296,Mastercard,02/25,24848
1417,571,2486044118163085,Mastercard,07/25,44587
1418,649,5365842585406757,Mastercard,12/27,19231
1419,860,4604946095925597975,Visa,01/32,24119
1420,558,639038208273,Mastercard,02/32,23678
1421,764,30571369380906,American Express,11/31,13962
1422,548,3528684930357924,American Express,05/29,30346
1423,510,4204194939501174,Visa,01/29,11445
1424,448,3502132173142603,Visa,11/30,42541
1425,981,2236907741173197,Visa,04/31,35044
1426,496,3503794572309072,Mastercard,12/31,43452
1427,761,2720098492086524,American Express,07/31,25928
1428,531,5342220227225950,Visa,06/26,19802
1429,855,4898617740649452,Visa,04/30,43147
1430,841,30493625930913,Mastercard,12/32,45233
1431,636,36192900062525,American Express,11/25,38131
1432,478,213128813278647,Mastercard,03/26,45497
1433,917,2239967104598601,Visa,12/33,37129
1434,778,180084782990176,Visa,06/29,11346
1435,468,4017436829679376422,Mastercard,11/32,33590
1436,903,4809118662126262,Mastercard,03/32,10009
1437,534,3504960218333409,American Express,02/29,12282
1438,382,676140263556,American Express,10/24,41531
1439,169,501854605802,Visa,03/30,10678
1440,77,3537194234272554,Mastercard,07/31,45143
1441,364,6011340259022865,Mastercard,07/32,7892
1442,113,4441743043567928,American Express,12/28,31614
1443,121,501813089296,Mastercard,01/31,17974
1444,422,4949840555663405,American Express,02/26,30609
1445,590,3557137383220424,American Express,08/26,16936
1446,586,3552161567961269,Mastercard,08/26,14856
1447,39,378601189044836,American Express,03/29,29116
1448,19,3511569890908940,American Express,11/28,6631
1449,714,371725075301948,Visa,09/25,43461
1450,847,5559227523358540,Mastercard,06/34,38491
1451,461,379164038255409,Mastercard,07/25,41916
1452,111,4738336340660472628,American Express,06/31,30943
1453,994,342467328491046,Visa,08/30,14556
1454,912,5592597633723778,Mastercard,04/34,31416
1455,829,6544459541606297,Visa,10/30,36026
1456,322,349087112475600,American Express,12/24,25396
1457,6,4140980554317558,Visa,02/26,41950
1458,346,3530078423579332,Visa,09/29,19536
1459,545,377540561859364,Visa,06/33,46960
1460,424,3503352849476099,Visa,12/32,21830
1461,175,676156307685,Visa,08/27,5873
1462,932,348199485074182,American Express,06/27,13630
1463,435,345927243348495,Mastercard,05/33,25611
1464,897,4204143743123766,Visa,03/31,25532
1465,82,4578748209419850,Mastercard,10/31,45963
1466,977,3589648978826401,Mastercard,12/32,14560
1467,132,376955885206442,American Express,09/33,10622
1468,981,6011010447297329,American Express,11/28,12647
1469,381,4185620981405370,Mastercard,03/26,13018
1470,770,585547712588,American Express,08/34,18663
1471,358,4254422929930809,Mastercard,04/28,34417
1472,560,4110066554938449,American Express,05/29,17234
1473,364,4848819742567608035,Mastercard,01/25,29516
1474,105,3539152495385703,Visa,05/25,6813
1475,691,4833055925820499,Mastercard,10/27,31282
1476,892,4686189781809546849,Mastercard,09/27,23971
1477,923,3598705669697472,American Express,07/29,16758
1478,353,3598292759657344,Mastercard,05/30,30341
1479,856,4569059087779813283,American Express,05/26,41550
1480,535,30568435218847,Visa,01/33,45002
1481,872,4914022881870479289,Mastercard,04/26,33665
1482,844,2254154150316630,Visa,01/29,7270
1483,917,6011007907376361,Visa,01/29,14863
1484,787,2281904153534820,Visa,08/30,6238
1485,715,4368216986648350,American Express,11/24,27499
1486,815,4461760693637228,Mastercard,04/32,41147
1487,856,38961222906223,Visa,01/33,36865
1488,700,4266343263161619,Mastercard,09/26,17798
1489,886,3595590582577545,American Express,01/27,17947
1490,856,6518310525230434,Visa,05/26,11965
1491,753,4279037846049372773,American Express,09/27,16778
1492,100,3594632056219682,Visa,12/30,13412
1493,710,4334526045555516,Mastercard,02/33,12322
1494,773,30273459560246,American Express,01/29,13077
1495,782,3588101953827128,American Express,10/24,38609
1496,70,3526586438626175,Mastercard,01/34,31952
1497,335,5186719749471595,Visa,02/31,33081
1498,838,2232912868593015,Mastercard,07/32,20974
1499,850,4821767576339694,American Express,09/33,24639
