policy_id,policyholder_id,plan_id,start_date,end_date,premium_paid
0,916,56,2020-11-11,2028-09-10,1735
1,591,57,2023-06-25,2027-01-11,4639
2,198,36,2021-05-10,2029-08-02,8673
3,762,45,2024-01-15,2025-07-01,4448
4,81,15,2020-09-30,2028-06-14,7244
5,393,43,2020-03-01,2027-11-27,3849
6,916,76,2023-01-30,2026-04-24,4630
7,898,41,2020-01-01,2026-11-25,3897
8,113,93,2023-10-14,2028-07-10,4548
9,901,95,2022-10-13,2027-01-12,3863
10,968,61,2023-09-27,2026-07-10,1466
11,397,36,2020-09-18,2024-10-08,5592
12,108,27,2019-12-10,2028-05-30,8914
13,31,59,2024-04-06,2024-10-25,1867
14,18,89,2023-04-17,2028-07-05,5693
15,292,38,2022-04-27,2028-11-11,3437
16,712,92,2019-12-13,2026-02-12,4475
17,674,94,2023-06-21,2027-09-13,3414
18,215,78,2022-09-02,2026-11-30,6173
19,373,33,2023-06-18,2024-11-22,5708
20,198,11,2023-02-16,2027-09-25,5914
21,658,61,2023-02-24,2029-02-25,2267
22,559,56,2024-04-10,2027-06-24,5632
23,220,71,2020-11-21,2025-09-10,4042
24,202,94,2022-01-26,2027-03-04,3067
25,833,15,2023-04-17,2027-11-30,5366
26,992,41,2021-08-30,2027-06-09,3319
27,708,68,2023-11-20,2028-06-08,7434
28,251,51,2023-08-20,2028-08-29,4939
29,493,54,2022-04-11,2029-04-22,5579
30,564,36,2020-03-15,2026-03-22,9229
31,352,44,2020-11-12,2029-02-23,5858
32,973,28,2020-09-13,2029-03-26,3516
33,912,90,2023-01-27,2029-05-24,5680
34,719,4,2021-10-15,2029-03-08,7174
35,131,53,2022-08-10,2027-11-13,2822
36,0,74,2024-02-15,2028-07-29,8798
37,928,6,2024-08-18,2026-02-09,3752
38,73,43,2020-11-27,2026-01-04,3916
39,920,42,2021-09-13,2026-08-14,2557
40,943,60,2023-06-03,2024-12-24,4392
41,217,43,2020-04-20,2027-11-13,2506
42,265,28,2020-06-10,2028-11-06,5676
43,369,12,2021-01-31,2024-12-21,5446
44,107,99,2021-01-28,2029-05-28,1489
45,413,15,2021-10-06,2024-10-27,2861
46,414,1,2020-06-19,2029-06-16,8719
47,87,26,2023-09-12,2025-08-07,4425
48,192,23,2020-01-13,2027-04-19,2538
49,925,28,2022-02-25,2027-04-18,3224
50,279,95,2023-06-24,2027-11-25,1597
51,70,16,2020-01-23,2028-02-23,4319
52,566,7,2021-10-30,2026-09-19,8314
53,916,32,2024-05-03,2025-11-02,6203
54,207,55,2024-07-31,2026-01-27,8339
55,230,85,2022-12-06,2026-08-04,6166
56,403,0,2024-09-02,2029-09-12,2564
57,314,37,2022-04-11,2026-11-26,3784
58,633,6,2021-09-06,2029-06-06,8624
59,69,88,2021-10-18,2029-07-08,3683
60,443,58,2019-10-30,2028-08-13,6582
61,37,4,2020-01-17,2025-02-20,1430
62,456,16,2022-05-05,2024-11-19,9770
63,719,87,2020-03-02,2025-09-18,3469
64,325,63,2020-03-04,2025-09-28,8827
65,427,90,2020-03-22,2027-06-17,4341
66,649,84,2023-03-03,2027-11-22,1516
67,18,58,2022-06-20,2028-01-13,8402
68,967,20,2021-04-01,2028-05-07,4366
69,531,56,2024-04-07,2029-07-26,5400
70,675,8,2022-11-29,2029-01-19,8883
71,611,61,2019-10-19,2025-10-03,6480
72,276,25,2020-05-12,2027-12-16,4629
73,582,75,2022-12-28,2027-05-11,4942
74,373,29,2024-08-29,2027-07-04,1362
75,868,18,2021-04-27,2029-09-29,3774
76,171,57,2021-02-22,2026-01-07,6889
77,266,12,2024-03-16,2026-11-05,6049
78,896,8,2023-09-02,2024-10-16,4886
79,348,63,2024-05-14,2026-06-02,2859
80,778,3,2022-08-20,2028-03-28,5407
81,860,31,2020-09-04,2027-05-17,1992
82,315,4,2021-11-12,2028-03-19,9056
83,347,4,2020-06-30,2025-09-23,1276
84,162,10,2021-12-22,2028-05-10,1753
85,105,37,2021-07-29,2029-02-14,7358
86,15,65,2022-04-09,2026-10-11,7576
87,38,57,2023-12-10,2027-02-21,9829
88,188,68,2024-05-28,2025-03-30,6679
89,81,30,2023-10-02,2025-02-11,7863
90,111,45,2024-02-26,2026-02-19,8164
91,337,44,2023-09-02,2026-12-15,2141
92,389,12,2022-03-06,2025-01-14,3525
93,855,80,2024-09-24,2028-11-06,2589
94,336,49,2021-11-23,2024-10-25,8443
95,369,28,2024-09-13,2028-12-18,5778
96,895,99,2022-04-18,2026-10-20,9071
97,331,96,2022-11-06,2026-04-18,7284
98,998,1,2022-08-14,2029-05-14,4719
99,152,54,2023-06-05,2025-09-15,7824
100,118,96,2019-10-13,2028-05-20,7427
101,863,75,2022-01-20,2025-12-15,3363
102,290,89,2022-06-04,2029-05-03,5819
103,232,45,2022-09-14,2029-02-06,7130
104,654,34,2022-06-23,2027-09-26,5009
105,3,40,2021-03-11,2027-03-01,6941
106,355,38,2020-12-16,2026-09-21,7149
107,243,16,2022-05-13,2025-08-08,2697
108,661,27,2020-08-24,2029-08-13,8337
109,874,23,2024-07-31,2029-07-15,8253
110,360,45,2020-12-18,2029-08-27,4493
111,906,29,2024-03-07,2027-09-12,1969
112,950,99,2022-09-24,2027-06-24,1783
113,923,94,2020-06-08,2025-04-02,8942
114,592,51,2019-10-31,2026-04-22,9122
115,355,58,2021-12-05,2025-01-24,8019
116,723,3,2021-09-29,2029-10-02,9662
117,656,98,2021-10-26,2028-10-31,5903
118,685,81,2023-07-06,2027-10-25,4431
119,215,94,2022-11-26,2026-09-20,3431
120,793,97,2024-06-01,2025-08-10,1496
121,238,5,2022-12-29,2029-03-02,7775
122,800,58,2021-09-20,2029-05-20,1410
123,154,65,2024-01-10,2024-10-31,8407
124,721,71,2020-06-30,2026-06-22,3586
125,5,99,2021-12-20,2026-05-11,3310
126,793,57,2022-12-21,2026-04-24,4869
127,427,28,2022-04-07,2029-06-26,2612
128,253,96,2023-01-30,2028-08-11,3990
129,8,69,2023-09-02,2029-01-31,6826
130,502,31,2023-07-23,2028-11-10,4527
131,213,50,2024-09-22,2026-12-20,7443
132,118,22,2023-02-16,2025-07-05,1329
133,455,84,2021-06-01,2028-03-28,4895
134,875,98,2023-02-22,2025-02-26,9533
135,66,70,2022-12-21,2026-10-14,9481
136,136,42,2024-08-22,2025-08-22,1619
137,16,98,2021-08-22,2026-05-19,9614
138,878,71,2020-10-11,2029-09-19,5430
139,714,40,2019-10-19,2024-10-06,6469
140,822,15,2020-03-04,2026-09-22,7037
141,632,31,2023-01-28,2026-04-21,7378
142,564,16,2020-10-28,2027-01-01,6120
143,636,19,2021-07-03,2029-06-17,6195
144,530,40,2020-06-16,2026-05-03,1250
145,304,21,2019-11-14,2025-07-03,3093
146,376,23,2021-12-03,2028-07-24,6400
147,242,37,2020-08-19,2026-02-01,7025
148,615,95,2020-04-23,2028-08-13,1725
149,23,70,2024-06-01,2027-05-17,2464
150,608,54,2021-09-08,2027-07-02,9787
151,662,59,2020-08-08,2025-10-26,8396
152,833,41,2024-05-02,2028-10-27,4528
153,753,38,2022-11-01,2025-02-04,9510
154,739,49,2023-05-29,2028-04-07,4369
155,543,55,2020-09-30,2029-03-11,8315
156,12,78,2020-07-01,2025-01-29,3034
157,862,57,2024-03-16,2027-10-20,2954
158,571,38,2020-11-25,2026-05-05,8454
159,76,53,2019-10-18,2028-04-20,9339
160,706,71,2024-04-20,2026-12-08,3828
161,954,95,2023-05-29,2028-07-12,5557
162,804,70,2023-09-18,2028-09-24,1193
163,795,58,2023-06-02,2027-07-04,5825
164,690,66,2023-10-24,2025-09-25,3337
165,64,65,2020-02-12,2025-10-12,2793
166,328,50,2020-03-17,2028-04-13,9159
167,796,69,2021-07-30,2025-09-26,6199
168,126,50,2022-05-07,2026-04-18,8558
169,192,16,2023-12-15,2026-08-29,1587
170,876,90,2021-11-11,2026-06-12,4984
171,874,87,2023-04-30,2026-06-04,4086
172,301,37,2023-11-01,2028-10-20,9945
173,360,41,2023-04-03,2024-11-08,7317
174,666,23,2021-01-30,2027-07-13,2381
175,792,39,2022-06-14,2027-03-15,1067
176,981,62,2024-09-15,2026-09-08,5386
177,322,75,2021-12-26,2025-10-25,9970
178,799,30,2021-02-28,2029-03-13,5746
179,969,97,2024-08-25,2027-11-15,8999
180,363,98,2022-11-16,2025-09-26,6046
181,356,79,2023-11-14,2024-12-16,2353
182,30,51,2024-01-21,2029-06-13,4414
183,290,36,2021-03-09,2026-03-21,5496
184,384,90,2020-02-21,2026-03-05,7522
185,374,96,2022-12-13,2029-04-06,1669
186,948,0,2021-06-07,2028-05-07,8763
187,909,15,2022-03-12,2028-07-02,8899
188,996,66,2022-01-04,2027-05-24,5458
189,385,23,2021-10-17,2028-02-11,2568
190,870,52,2019-10-09,2027-03-15,4221
191,921,52,2021-06-28,2028-01-16,6898
192,125,71,2019-10-21,2027-09-13,3372
193,356,15,2023-10-31,2026-08-19,5173
194,623,36,2021-02-07,2027-11-02,7058
195,424,9,2023-11-05,2025-06-08,7498
196,703,84,2021-08-28,2028-06-20,9703
197,856,23,2022-04-20,2025-08-25,8077
198,684,82,2024-05-12,2028-02-27,1797
199,355,68,2024-04-22,2029-07-31,2474
200,749,51,2024-05-22,2025-02-28,5938
201,341,66,2023-12-04,2025-12-12,1956
202,437,92,2020-10-27,2027-06-28,4433
203,87,3,2024-06-16,2025-07-10,5493
204,310,31,2021-07-17,2026-07-08,8557
205,318,87,2021-04-07,2026-06-07,4355
206,207,95,2021-05-08,2028-02-27,1979
207,771,85,2022-05-22,2029-02-09,8887
208,947,75,2021-09-03,2025-09-08,2269
209,114,70,2024-01-15,2026-06-07,5202
210,581,59,2020-06-13,2029-05-17,7015
211,458,6,2022-01-25,2029-06-15,7254
212,64,29,2022-02-28,2028-11-30,1495
213,27,21,2023-06-26,2025-12-28,6872
214,630,13,2022-12-11,2025-04-30,6379
215,679,17,2022-06-24,2028-06-30,4275
216,73,98,2022-12-29,2027-06-21,4865
217,283,34,2023-05-12,2027-07-13,7781
218,612,36,2020-06-13,2028-05-28,4566
219,286,31,2024-03-20,2027-12-27,9331
220,777,99,2021-07-12,2026-01-22,5426
221,610,51,2020-11-23,2028-08-30,7195
222,489,14,2020-12-30,2027-03-28,3535
223,306,95,2024-08-12,2025-12-08,4208
224,921,78,2023-12-23,2026-02-18,8306
225,196,84,2022-11-19,2029-07-08,4972
226,342,65,2021-07-16,2026-12-01,5784
227,792,17,2024-06-02,2026-07-06,2487
228,723,3,2020-01-14,2029-01-17,6639
229,838,96,2024-09-11,2025-09-26,2721
230,528,22,2021-05-16,2028-09-10,5559
231,425,42,2020-10-05,2025-10-17,3789
232,266,91,2020-11-15,2027-06-27,8247
233,107,16,2021-07-20,2026-09-25,7654
234,364,68,2020-10-24,2024-11-29,5773
235,825,99,2022-06-13,2025-09-16,4823
236,733,25,2023-06-12,2025-02-11,2908
237,782,37,2024-05-16,2028-02-20,6336
238,931,77,2021-10-01,2027-05-19,2412
239,121,77,2022-08-21,2026-08-22,3819
240,86,88,2023-03-18,2027-05-22,9274
241,773,79,2021-01-05,2027-11-10,2769
242,783,68,2021-02-26,2027-12-24,6915
243,18,34,2021-05-14,2028-09-02,9892
244,169,61,2020-12-26,2028-04-19,6309
245,35,84,2021-08-26,2028-10-11,9863
246,92,33,2022-01-08,2026-03-15,7242
247,448,76,2020-06-07,2028-02-19,8196
248,621,28,2021-11-23,2027-03-31,8759
249,473,62,2023-03-08,2029-02-24,4478
250,535,25,2023-05-24,2026-12-27,9723
251,293,94,2020-05-15,2025-02-21,4763
252,574,84,2023-12-21,2026-08-11,8873
253,341,31,2022-11-07,2028-10-23,9413
254,605,61,2022-07-05,2025-06-08,3937
255,963,67,2024-07-08,2026-10-12,6701
256,658,58,2023-09-01,2028-04-19,4638
257,191,94,2024-08-28,2025-01-27,1792
258,685,56,2019-10-05,2025-07-19,1220
259,649,18,2022-04-10,2026-03-06,8059
260,580,30,2020-07-06,2026-02-21,4190
261,642,31,2020-12-09,2029-06-15,4590
262,288,18,2023-02-04,2029-09-12,3127
263,773,9,2021-07-17,2029-07-28,9022
264,391,48,2021-10-06,2027-07-08,2323
265,675,8,2023-03-04,2028-08-09,4107
266,656,38,2020-11-27,2026-06-01,7528
267,774,51,2022-09-12,2028-12-02,9169
268,584,97,2021-11-14,2026-05-22,8221
269,909,89,2022-04-24,2029-03-10,2608
270,682,1,2023-09-04,2025-04-07,6312
271,980,35,2022-05-08,2025-06-01,1638
272,957,94,2023-04-12,2028-01-06,9720
273,891,53,2022-10-14,2026-08-08,2515
274,444,80,2022-11-11,2027-01-22,4430
275,425,67,2024-08-31,2026-06-01,6648
276,473,35,2020-02-29,2026-11-23,7918
277,757,86,2023-03-31,2026-12-20,9446
278,837,52,2023-03-03,2028-06-29,4598
279,135,98,2023-10-17,2027-11-27,3994
280,873,55,2022-05-17,2027-11-14,5233
281,866,67,2023-10-08,2025-12-22,8793
282,264,14,2023-03-12,2028-07-23,3626
283,424,15,2023-08-13,2029-07-27,5406
284,307,37,2024-02-29,2028-10-11,2892
285,883,2,2022-06-24,2029-06-07,3355
286,924,27,2020-11-05,2028-01-14,2947
287,945,92,2019-12-03,2026-10-17,6836
288,946,21,2021-02-24,2028-03-20,5462
289,640,60,2023-02-13,2026-01-05,7477
290,458,99,2024-05-16,2028-03-23,7548
291,408,70,2022-10-01,2028-03-09,2766
292,544,80,2023-09-24,2028-04-30,8304
293,798,84,2022-04-14,2025-06-29,1360
294,423,53,2020-11-16,2025-11-09,3630
295,296,94,2024-06-08,2028-12-28,9187
296,334,9,2020-02-08,2028-05-28,5539
297,687,24,2022-09-25,2025-08-17,5760
298,231,65,2022-10-20,2025-09-24,5698
299,802,20,2022-04-16,2027-11-12,5015
300,836,79,2020-03-15,2028-02-11,5208
301,918,30,2023-12-29,2024-10-19,8884
302,557,44,2024-03-15,2026-07-17,4848
303,748,60,2022-06-21,2026-10-10,3594
304,262,72,2024-06-01,2027-11-15,9808
305,891,72,2020-04-04,2025-08-29,9073
306,189,78,2023-02-17,2028-05-16,2831
307,970,91,2023-01-01,2027-05-17,4190
308,36,19,2022-01-23,2027-09-28,3013
309,810,84,2021-09-03,2024-12-19,5781
310,738,93,2022-12-05,2028-08-30,8879
311,946,24,2020-10-17,2026-09-12,2545
312,634,80,2024-01-06,2025-06-25,7190
313,550,3,2024-01-09,2028-08-17,3557
314,974,19,2023-09-30,2025-09-06,8476
315,407,68,2023-06-20,2025-04-04,2317
316,546,35,2021-07-15,2025-08-18,9219
317,613,67,2021-12-18,2026-12-12,4259
318,938,47,2021-02-26,2026-06-09,5199
319,610,94,2022-05-15,2026-04-06,2638
320,810,42,2019-11-28,2025-03-12,1052
321,999,43,2020-06-17,2029-01-23,5661
322,490,5,2021-02-16,2027-01-06,8453
323,66,23,2023-05-14,2026-11-17,1982
324,515,37,2020-05-16,2026-04-03,6020
325,547,9,2022-09-25,2028-08-11,2652
326,627,30,2020-01-29,2025-06-08,4883
327,741,31,2021-11-15,2029-02-19,9667
328,495,9,2020-09-17,2028-08-03,7545
329,923,93,2019-12-12,2028-07-16,9654
330,278,63,2020-10-19,2027-11-15,7946
331,308,21,2022-10-03,2025-01-23,5992
332,888,73,2023-12-22,2025-06-19,8773
333,447,41,2022-04-23,2024-12-07,8789
334,657,42,2023-04-06,2027-02-08,7839
335,101,69,2020-07-02,2028-11-23,4138
336,658,19,2021-05-01,2029-09-08,5063
337,933,53,2022-10-19,2024-12-05,4086
338,960,86,2023-09-06,2026-08-30,5741
339,806,76,2023-07-05,2026-10-08,8995
340,701,94,2021-08-13,2027-12-18,8706
341,745,25,2022-12-26,2028-06-19,2719
342,234,34,2021-10-15,2028-01-02,5732
343,818,69,2024-05-13,2025-11-09,8962
344,31,26,2022-05-14,2027-10-30,8059
345,865,18,2021-02-21,2029-04-07,2038
346,330,98,2021-05-03,2028-07-26,1682
347,988,29,2020-03-31,2029-07-21,3080
348,511,27,2023-06-28,2029-06-25,5201
349,691,30,2019-12-10,2027-02-10,2217
350,38,48,2020-11-21,2028-01-05,1515
351,682,68,2022-08-01,2029-06-25,3684
352,988,85,2020-12-20,2025-03-06,1670
353,280,81,2022-05-25,2027-06-17,3594
354,144,79,2022-08-27,2029-01-25,7640
355,198,27,2020-08-30,2026-03-14,2650
356,564,48,2022-03-24,2027-05-03,2218
357,217,22,2023-06-13,2026-03-31,2083
358,455,21,2021-06-23,2028-12-11,4316
359,583,39,2020-05-10,2025-11-10,8438
360,225,70,2022-01-09,2028-10-17,7045
361,289,69,2023-02-07,2026-01-11,7325
362,967,7,2024-01-08,2027-02-04,9506
363,945,2,2020-06-03,2028-01-30,8408
364,785,37,2022-04-01,2027-06-07,8480
365,767,72,2023-11-24,2028-07-13,7633
366,362,16,2020-04-15,2026-02-04,8799
367,986,46,2021-12-14,2027-08-28,7366
368,805,99,2023-10-20,2026-03-28,1361
369,952,5,2023-02-12,2027-01-01,8849
370,770,41,2023-10-26,2025-05-06,2709
371,310,75,2021-12-25,2029-09-02,1694
372,684,64,2021-04-27,2025-05-02,8891
373,162,34,2022-08-22,2026-08-03,3409
374,864,75,2021-09-29,2028-01-16,4335
375,771,3,2020-07-21,2029-07-13,6655
376,457,50,2020-06-05,2026-02-08,1443
377,795,87,2023-07-07,2026-02-21,4742
378,337,95,2023-03-07,2026-08-02,4387
379,6,94,2022-10-01,2029-07-15,5499
380,210,7,2024-09-22,2028-03-13,2503
381,423,65,2022-11-08,2025-12-31,4738
382,242,51,2020-12-31,2026-02-17,1562
383,123,27,2024-07-14,2027-04-03,1718
384,378,15,2023-06-09,2028-03-17,8192
385,777,51,2020-12-16,2026-11-13,5059
386,369,65,2023-01-26,2027-05-31,4081
387,641,42,2020-05-01,2028-01-25,7988
388,362,59,2024-08-31,2025-01-06,9343
389,430,16,2021-05-08,2028-02-10,9970
390,158,95,2022-10-10,2026-09-19,8870
391,717,72,2023-06-03,2024-10-27,5015
392,847,14,2023-07-30,2026-08-19,5891
393,209,6,2022-01-01,2026-07-30,3094
394,302,57,2020-05-01,2026-08-24,2163
395,867,61,2020-10-10,2025-02-06,9548
396,859,83,2024-04-25,2028-09-04,3821
397,68,17,2023-06-29,2027-10-23,9881
398,214,25,2023-08-06,2028-02-25,6384
399,609,59,2021-12-28,2025-05-03,2157
400,346,93,2023-12-30,2029-08-25,1468
401,251,70,2021-08-16,2027-09-09,9850
402,63,71,2021-06-20,2029-03-22,4270
403,118,10,2024-07-19,2028-09-01,6297
404,729,26,2021-07-14,2028-11-01,1380
405,124,67,2024-06-13,2025-10-29,1759
406,368,69,2022-06-06,2029-01-27,7960
407,140,55,2021-06-07,2025-06-22,5895
408,453,23,2022-04-06,2028-02-14,1114
409,375,25,2022-08-28,2028-05-06,3317
410,729,92,2023-09-04,2027-12-13,1645
411,996,37,2021-08-10,2026-07-10,7569
412,752,55,2024-09-20,2026-05-15,7194
413,164,92,2019-11-02,2024-10-26,2294
414,180,69,2023-06-12,2028-03-22,5650
415,620,83,2023-04-13,2028-02-01,3342
416,533,41,2023-12-08,2029-07-28,9301
417,933,34,2021-12-15,2027-01-28,6442
418,907,6,2021-06-01,2028-01-10,2247
419,542,46,2022-02-27,2029-07-17,4193
420,978,53,2023-09-29,2027-08-09,1851
421,709,78,2024-07-17,2029-07-02,1689
422,188,45,2021-01-27,2025-02-14,3685
423,528,67,2020-03-18,2025-04-08,4134
424,724,32,2020-03-06,2025-07-16,7188
425,735,39,2020-07-23,2028-06-04,6651
426,668,46,2024-02-02,2026-09-29,4506
427,273,83,2020-03-05,2029-05-24,6049
428,996,72,2021-03-20,2025-05-02,9166
429,790,23,2024-05-31,2028-01-16,5517
430,552,99,2023-02-20,2028-04-22,6442
431,939,10,2020-05-21,2026-01-21,7130
432,87,67,2020-01-22,2024-12-14,4276
433,224,67,2022-02-02,2027-05-01,9523
434,739,28,2022-05-14,2026-12-04,4663
435,457,80,2019-10-10,2028-03-25,8646
436,90,36,2021-11-16,2025-04-14,1843
437,791,75,2022-08-01,2028-04-07,9582
438,842,48,2022-11-30,2027-08-23,9361
439,411,83,2022-03-16,2027-02-01,8248
440,319,93,2022-10-22,2026-04-11,9546
441,576,79,2022-01-05,2026-06-16,4849
442,26,77,2022-11-09,2028-04-27,5895
443,658,6,2022-07-19,2028-06-10,5819
444,613,81,2022-03-25,2028-04-26,1484
445,685,75,2021-06-20,2028-08-28,7576
446,211,79,2022-10-17,2028-10-27,6156
447,744,74,2020-08-05,2026-11-11,1973
448,449,28,2023-07-06,2029-02-17,2221
449,236,89,2020-10-03,2027-09-09,9963
450,408,52,2023-08-02,2028-09-11,6774
451,99,39,2022-09-16,2026-08-04,9894
452,134,51,2020-10-20,2029-02-04,5576
453,438,65,2024-08-14,2025-09-25,6611
454,872,45,2023-12-08,2024-12-30,7340
455,703,27,2021-03-18,2025-01-04,8694
456,817,36,2021-05-17,2025-02-14,9021
457,844,32,2021-10-26,2028-07-04,2641
458,19,32,2022-02-25,2028-05-28,5151
459,126,73,2020-03-03,2027-06-21,4231
460,15,5,2023-12-30,2026-08-13,3434
461,935,91,2023-12-05,2025-05-14,6797
462,23,36,2022-06-11,2027-02-07,6974
463,178,81,2020-06-13,2029-09-28,3881
464,733,97,2022-03-19,2026-01-14,6137
465,436,19,2020-01-03,2028-12-27,5903
466,799,40,2024-01-10,2028-09-11,2313
467,646,32,2023-10-05,2024-12-11,4085
468,312,45,2020-08-09,2028-11-13,4211
469,378,39,2023-01-13,2026-07-14,8730
470,879,1,2024-05-05,2027-03-07,7256
471,83,89,2022-12-19,2029-01-09,4841
472,478,83,2022-03-05,2028-11-30,6653
473,746,7,2024-08-03,2025-05-16,2032
474,641,15,2020-05-15,2026-05-19,8577
475,341,48,2020-10-09,2027-03-26,4328
476,71,96,2021-06-12,2025-12-15,8367
477,764,46,2021-07-10,2025-03-24,7903
478,438,49,2021-02-10,2024-12-01,9529
479,426,52,2023-03-20,2027-03-18,9555
480,772,37,2023-03-09,2025-08-04,1932
481,764,42,2021-04-01,2029-03-27,4842
482,296,69,2024-08-24,2026-04-18,7190
483,53,70,2024-06-29,2028-10-14,8337
484,737,44,2024-08-23,2029-05-14,3227
485,779,43,2019-10-10,2024-11-30,8128
486,484,82,2020-09-04,2027-03-02,6621
487,276,85,2022-01-17,2025-06-29,9624
488,61,29,2023-05-11,2026-06-10,9608
489,928,97,2023-07-18,2026-09-03,7185
490,580,14,2019-11-03,2025-10-31,7734
491,703,95,2022-06-09,2027-12-30,4784
492,804,53,2022-08-19,2025-07-20,3643
493,139,33,2020-01-13,2029-07-02,3733
494,517,4,2022-12-05,2028-01-29,3289
495,699,14,2021-01-05,2026-07-30,4751
496,643,88,2023-10-25,2027-08-20,2697
497,370,52,2022-03-10,2029-09-16,4916
498,170,46,2023-01-22,2025-09-19,5129
499,511,74,2021-10-20,2029-02-19,2563
500,398,41,2023-11-08,2027-11-17,8110
501,599,62,2020-03-02,2029-03-01,1214
502,205,87,2024-06-27,2028-06-09,5326
503,870,67,2021-08-16,2028-01-08,8911
504,233,85,2020-05-06,2026-11-03,7973
505,901,88,2020-12-28,2025-11-05,7421
506,371,58,2021-03-24,2029-06-19,9204
507,157,86,2023-10-12,2025-03-16,2808
508,528,12,2023-06-23,2028-09-09,8110
509,187,14,2020-10-01,2027-03-02,8506
510,514,17,2020-10-29,2027-07-16,2337
511,204,20,2019-10-24,2025-09-24,4484
512,337,83,2021-01-24,2026-05-06,8199
513,797,63,2020-08-08,2029-06-08,3459
514,916,74,2020-12-28,2027-01-02,5371
515,433,43,2021-01-11,2028-11-16,7125
516,999,80,2022-11-28,2024-10-30,6990
517,811,87,2023-05-20,2027-08-30,8360
518,627,41,2024-01-26,2025-10-30,8556
519,420,83,2020-09-12,2028-11-15,5952
520,741,52,2021-12-27,2028-08-14,4193
521,258,52,2020-06-07,2025-08-05,7937
522,115,3,2023-06-02,2029-04-05,4923
523,123,36,2024-05-23,2024-12-19,5209
524,393,24,2023-10-07,2026-10-25,7680
525,237,46,2023-08-31,2029-06-18,2461
526,20,68,2023-05-31,2027-07-04,7669
527,899,77,2021-11-03,2024-12-10,7698
528,779,11,2024-05-13,2028-03-04,2351
529,734,90,2020-09-15,2029-06-29,9919
530,173,87,2020-05-15,2026-07-27,5310
531,496,91,2020-01-21,2025-05-08,5637
532,670,14,2021-03-22,2029-09-29,8572
533,271,54,2020-11-22,2028-11-12,3917
534,182,71,2020-11-22,2027-11-10,4490
535,235,19,2020-01-19,2026-11-25,4629
536,448,81,2024-01-07,2025-10-18,7358
537,803,66,2023-04-24,2029-09-22,2939
538,262,48,2022-03-17,2028-11-08,7957
539,386,9,2023-03-28,2029-06-07,9599
540,660,38,2023-06-18,2027-03-03,3007
541,803,8,2023-08-14,2027-01-13,3665
542,446,18,2022-11-29,2029-07-30,7618
543,245,77,2022-10-02,2025-03-16,7061
544,591,63,2021-03-05,2028-08-22,1960
545,387,10,2022-09-25,2025-05-02,7107
546,916,10,2023-03-22,2025-01-30,2455
547,777,27,2022-11-18,2027-12-24,4019
548,392,97,2024-08-23,2028-08-12,9290
549,699,34,2022-03-23,2026-12-18,4185
550,804,5,2021-01-15,2029-01-24,1379
551,850,52,2024-08-07,2027-07-12,9770
552,130,4,2023-12-07,2027-10-02,5866
553,682,26,2021-08-09,2026-08-28,5961
554,2,21,2020-05-30,2025-04-30,7354
555,998,83,2022-01-26,2025-03-21,3230
556,241,92,2020-02-07,2024-12-16,6696
557,994,96,2020-10-04,2025-03-24,9777
558,990,84,2023-08-02,2026-08-04,5457
559,133,17,2020-07-05,2028-09-12,1972
560,496,13,2024-09-23,2025-11-22,1760
561,475,23,2021-04-12,2029-03-06,2904
562,237,91,2020-03-12,2026-03-05,9887
563,942,30,2020-04-09,2028-01-04,5670
564,402,5,2019-12-13,2026-09-25,5961
565,710,82,2020-03-02,2025-10-26,8210
566,723,27,2020-01-24,2027-04-06,9622
567,704,60,2020-12-07,2025-09-24,8373
568,313,0,2019-11-01,2029-07-16,1576
569,751,22,2020-03-17,2028-07-29,4086
570,179,92,2021-02-25,2029-06-03,4093
571,36,76,2019-12-14,2026-08-30,8243
572,590,93,2022-09-01,2026-08-28,3527
573,242,7,2020-01-07,2028-09-28,9443
574,659,82,2022-09-17,2026-09-25,7241
575,7,15,2024-05-18,2026-01-04,6261
576,385,73,2021-08-11,2025-06-01,4876
577,554,31,2020-09-19,2028-06-05,1164
578,961,45,2020-12-14,2025-12-18,9756
579,617,46,2023-08-16,2026-02-23,1976
580,42,96,2024-06-06,2025-01-05,1021
581,145,27,2023-11-30,2026-12-07,9761
582,770,29,2021-12-21,2027-05-24,8680
583,892,76,2023-03-12,2025-07-31,8321
584,757,86,2022-03-01,2026-10-15,8127
585,717,89,2024-02-03,2025-04-29,2692
586,844,13,2023-09-01,2027-11-30,1598
587,12,27,2024-04-03,2028-12-16,5440
588,827,63,2021-12-03,2027-10-10,5084
589,305,20,2024-06-24,2027-11-18,4416
590,910,92,2024-01-10,2029-02-13,8204
591,350,6,2024-02-18,2027-04-17,1788
592,726,93,2024-09-06,2026-11-22,7003
593,181,72,2021-01-01,2028-01-14,8498
594,656,9,2023-03-29,2027-11-29,8769
595,992,20,2021-12-26,2029-03-01,4946
596,269,68,2021-11-05,2028-02-15,9579
597,466,31,2023-12-28,2028-01-30,9797
598,315,19,2021-06-27,2026-03-03,3480
599,592,67,2023-07-05,2026-12-17,2962
600,121,99,2023-01-29,2026-07-12,4162
601,40,48,2023-08-07,2029-04-29,7028
602,600,83,2023-01-29,2025-12-22,5477
603,245,42,2023-06-21,2028-01-16,1308
604,317,63,2022-05-10,2025-04-10,1621
605,693,82,2022-11-24,2028-01-11,2458
606,205,62,2020-12-31,2028-08-08,1583
607,66,78,2024-02-12,2026-11-14,3362
608,643,88,2020-07-08,2026-08-30,6877
609,914,62,2020-07-12,2026-07-08,1822
610,288,9,2024-08-21,2029-07-14,3614
611,96,39,2024-09-03,2025-04-26,1554
612,964,90,2020-12-15,2024-11-14,6273
613,658,28,2021-08-15,2025-01-03,2752
614,984,4,2020-12-25,2029-08-16,7837
615,994,57,2020-11-14,2026-09-25,6268
616,411,34,2023-09-07,2025-07-11,6456
617,891,33,2022-02-28,2028-04-02,1304
618,740,64,2020-06-13,2028-05-30,9055
619,849,85,2022-04-14,2026-03-23,6523
620,255,8,2020-02-14,2028-05-13,1327
621,785,55,2021-02-13,2026-03-07,5825
622,908,41,2021-02-16,2029-07-31,4292
623,67,41,2020-07-16,2028-04-13,3106
624,680,68,2020-07-21,2028-02-22,3886
625,855,45,2019-12-17,2029-04-01,4825
626,332,55,2022-05-28,2025-07-01,4438
627,874,70,2020-06-02,2028-08-26,2999
628,164,38,2020-11-27,2026-09-11,3483
629,765,68,2024-03-26,2025-07-15,6089
630,11,19,2023-04-18,2026-05-31,9467
631,744,37,2020-06-15,2027-01-16,7879
632,710,6,2023-07-15,2025-05-28,9198
633,87,9,2023-10-25,2027-09-21,6074
634,630,75,2021-07-07,2027-09-22,8480
635,244,93,2021-02-21,2027-09-03,6692
636,686,83,2021-01-22,2026-09-06,7524
637,814,74,2024-05-23,2025-04-16,9179
638,821,34,2021-10-23,2025-08-06,9105
639,590,51,2020-11-20,2026-03-15,5474
640,850,3,2021-08-25,2026-08-23,8450
641,841,55,2024-06-11,2026-06-26,4491
642,725,10,2020-12-22,2029-02-11,6186
643,539,96,2022-06-08,2028-05-11,1122
644,673,90,2021-01-13,2028-04-10,1560
645,82,95,2022-03-28,2028-07-22,4147
646,69,77,2020-02-17,2029-06-29,7798
647,330,57,2021-01-15,2026-01-24,9738
648,190,15,2022-06-05,2028-07-11,4006
649,301,50,2020-03-09,2025-05-14,3338
650,85,73,2021-11-27,2026-06-13,7480
651,743,76,2022-07-26,2026-12-18,8991
652,817,7,2023-04-23,2028-09-14,5285
653,921,28,2021-06-14,2028-02-06,3183
654,43,65,2022-06-04,2024-11-03,7795
655,763,25,2021-07-08,2029-03-20,2355
656,799,81,2021-05-15,2027-07-09,7712
657,863,84,2023-10-26,2027-11-03,5456
658,351,25,2024-02-02,2028-12-04,2144
659,434,78,2021-11-21,2028-12-07,6547
660,466,31,2023-06-13,2025-12-10,2741
661,384,46,2023-01-08,2028-08-20,6352
662,433,2,2021-12-11,2028-08-09,6273
663,589,53,2022-10-30,2024-10-19,4478
664,229,97,2023-11-04,2029-04-28,6691
665,127,8,2023-04-11,2028-02-15,6489
666,369,48,2022-07-19,2026-11-10,9159
667,524,87,2021-03-06,2026-05-26,3433
668,945,15,2022-02-04,2029-05-23,1326
669,905,4,2023-05-14,2027-05-25,1872
670,94,27,2022-04-07,2029-03-24,9453
671,296,0,2021-10-22,2025-12-04,3436
672,764,67,2023-06-10,2025-06-02,5326
673,907,22,2022-07-30,2027-12-25,3908
674,199,9,2023-02-11,2028-06-22,9488
675,429,48,2023-09-20,2028-12-11,6286
676,764,43,2020-09-07,2025-08-24,9273
677,709,85,2021-08-12,2027-03-10,3906
678,27,59,2024-09-23,2024-10-19,8323
679,174,86,2020-02-14,2027-09-05,7378
680,969,83,2020-12-03,2026-09-20,9287
681,824,71,2023-11-26,2029-08-04,5445
682,754,58,2020-05-14,2029-07-08,4396
683,26,3,2024-09-24,2028-06-30,8012
684,869,41,2020-05-07,2028-09-21,8876
685,475,81,2022-06-06,2027-12-05,2700
686,880,42,2022-04-20,2025-03-07,2348
687,148,20,2023-12-08,2026-04-16,5166
688,227,84,2022-05-26,2027-10-06,2099
689,745,29,2021-02-16,2027-01-12,1837
690,802,91,2023-03-29,2026-01-03,7214
691,758,90,2022-08-14,2027-05-07,5477
692,73,61,2023-10-20,2028-07-31,9276
693,870,14,2024-09-19,2027-04-17,7186
694,338,36,2023-09-15,2027-01-09,9798
695,29,9,2022-10-23,2025-03-30,9722
696,486,12,2021-05-21,2025-01-22,9006
697,973,33,2020-05-22,2029-03-13,1048
698,957,18,2024-05-13,2027-10-14,8652
699,832,99,2021-11-15,2026-07-05,4883
700,83,77,2019-12-09,2028-10-16,8649
701,671,17,2024-01-26,2029-08-20,2841
702,62,0,2023-11-03,2028-09-07,3430
703,738,87,2021-10-18,2026-02-19,3631
704,368,49,2020-09-25,2026-07-04,1257
705,497,69,2019-12-12,2026-10-12,8799
706,146,78,2023-06-12,2025-09-22,4303
707,560,17,2024-04-11,2024-12-21,9836
708,114,23,2020-10-11,2027-11-18,6114
709,284,82,2022-12-07,2025-09-18,1591
710,765,67,2020-07-07,2025-05-14,9515
711,355,67,2022-01-03,2027-06-28,7858
712,229,74,2022-04-15,2028-08-03,3116
713,425,48,2021-07-13,2025-02-20,5257
714,179,7,2020-11-27,2024-10-18,1280
715,558,71,2023-02-14,2026-01-26,4580
716,252,77,2023-08-25,2027-07-14,8149
717,150,62,2022-05-15,2029-01-25,4430
718,521,31,2021-08-14,2028-02-18,1574
719,200,70,2020-02-06,2026-11-22,2649
720,819,63,2023-06-30,2026-03-25,9745
721,126,41,2021-12-08,2029-03-13,1428
722,965,49,2020-04-25,2027-02-26,9409
723,91,17,2024-03-08,2026-10-22,9507
724,870,66,2022-05-01,2028-10-09,6783
725,752,14,2024-02-11,2029-07-06,3102
726,223,77,2022-09-04,2028-09-10,3828
727,201,87,2023-03-18,2025-03-10,9125
728,12,10,2022-10-05,2029-02-10,8518
729,54,3,2024-06-25,2025-07-21,1763
730,636,36,2024-01-28,2029-07-03,9732
731,921,41,2021-01-21,2024-10-12,5643
732,860,70,2020-03-04,2027-05-25,7389
733,973,41,2020-11-25,2026-06-13,4610
734,278,43,2024-01-07,2028-08-24,5160
735,506,90,2024-04-21,2025-08-27,7665
736,122,15,2020-09-22,2027-01-24,6318
737,147,66,2019-12-16,2028-04-20,7306
738,25,19,2023-06-17,2028-09-05,9110
739,446,47,2022-05-13,2026-06-02,4111
740,24,54,2020-10-17,2027-07-14,8363
741,788,84,2023-02-16,2027-06-27,5877
742,987,61,2022-12-09,2025-03-24,7721
743,550,47,2020-05-18,2025-04-16,1168
744,644,4,2022-08-30,2025-09-20,1857
745,111,22,2019-11-04,2028-12-14,7230
746,744,27,2021-11-03,2027-02-13,6298
747,626,78,2024-09-04,2027-03-28,3749
748,320,88,2021-11-16,2028-08-15,3394
749,436,45,2023-03-23,2028-08-07,2298
750,889,13,2023-09-25,2026-04-08,1397
751,475,17,2021-07-01,2029-01-26,3544
752,679,92,2024-09-16,2024-12-09,9296
753,580,3,2019-10-13,2025-12-12,6150
754,484,62,2022-11-20,2027-04-07,1020
755,706,11,2021-06-06,2025-09-15,2804
756,626,52,2019-11-24,2027-11-01,3693
757,665,68,2022-06-13,2028-03-15,5707
758,186,51,2021-01-09,2026-11-27,7314
759,827,43,2022-04-05,2026-02-28,2364
760,884,6,2020-09-24,2025-12-06,7831
761,122,30,2020-12-17,2029-07-04,6240
762,963,3,2023-03-17,2027-04-10,1083
763,960,2,2024-02-23,2028-12-29,3429
764,102,79,2019-12-23,2027-01-03,6537
765,704,78,2022-10-30,2028-06-24,6595
766,809,28,2024-08-05,2025-10-27,9931
767,695,53,2021-01-17,2025-07-10,4425
768,334,68,2021-07-13,2027-10-05,8894
769,26,5,2024-02-07,2026-11-28,2145
770,803,20,2023-03-15,2028-12-20,8636
771,334,13,2023-10-24,2026-11-12,6890
772,981,49,2021-07-13,2027-11-11,3264
773,850,2,2023-03-06,2029-09-23,4166
774,4,48,2024-05-25,2029-07-24,3139
775,205,26,2024-07-14,2027-11-10,1212
776,466,76,2023-03-03,2027-09-20,1117
777,901,56,2019-12-15,2028-09-22,3248
778,601,11,2020-02-24,2026-12-02,3326
779,716,98,2021-10-11,2027-10-10,5259
780,599,97,2023-05-28,2026-01-02,5220
781,139,62,2020-09-19,2029-09-25,7578
782,511,91,2022-04-01,2029-01-20,6075
783,145,15,2024-03-20,2027-07-08,9295
784,975,58,2022-08-11,2026-10-14,5727
785,70,52,2022-07-03,2028-09-04,9726
786,303,99,2022-11-15,2026-08-04,4281
787,80,68,2022-07-18,2027-06-05,2698
788,173,39,2021-04-22,2029-05-07,7719
789,466,54,2022-09-11,2026-06-06,6009
790,578,2,2022-09-30,2026-04-05,4102
791,398,70,2019-12-24,2028-07-02,2910
792,258,74,2021-02-06,2028-10-01,6550
793,718,49,2021-03-28,2024-10-24,5501
794,547,18,2021-12-17,2029-07-20,3152
795,425,21,2020-05-17,2025-10-11,2566
796,303,87,2020-03-21,2027-01-27,7124
797,327,38,2022-03-26,2025-09-17,1837
798,302,74,2024-07-26,2029-05-05,9932
799,841,97,2022-04-10,2028-09-01,5671
800,590,90,2021-09-24,2027-12-14,8909
801,15,46,2024-04-17,2029-04-20,9620
802,609,65,2023-01-15,2025-01-26,1244
803,467,13,2020-08-23,2026-08-25,8255
804,677,48,2023-01-24,2028-06-01,5413
805,548,39,2023-05-11,2026-10-15,3760
806,436,37,2024-05-23,2028-11-17,3710
807,654,25,2023-03-08,2025-02-05,3127
808,232,92,2023-04-13,2027-02-08,9476
809,402,73,2021-03-25,2024-12-30,1587
810,513,31,2024-04-24,2025-01-15,5526
811,902,62,2023-06-10,2028-02-25,2618
812,366,94,2022-12-06,2026-02-15,1710
813,3,12,2023-11-27,2027-06-17,3770
814,167,51,2023-01-16,2026-02-25,6272
815,346,12,2024-06-25,2026-04-20,9531
816,45,31,2023-12-31,2026-10-15,3572
817,456,32,2024-09-22,2027-10-06,9147
818,288,28,2022-07-11,2025-04-27,4795
819,118,95,2020-01-10,2025-10-04,1624
820,867,54,2024-01-02,2029-02-16,9218
821,915,76,2020-03-14,2028-04-05,8352
822,183,43,2023-01-18,2027-07-31,5162
823,325,38,2024-05-16,2026-12-12,8850
824,180,98,2021-04-15,2025-10-02,2687
825,239,33,2021-01-09,2027-05-22,6392
826,389,66,2024-05-26,2026-04-21,2500
827,267,70,2019-11-13,2026-04-17,1515
828,953,53,2023-10-27,2028-07-07,7202
829,213,82,2020-06-09,2029-06-07,7716
830,963,27,2021-03-29,2029-04-27,8478
831,998,78,2021-07-15,2028-11-28,9401
832,155,5,2022-08-21,2029-02-12,6747
833,625,10,2020-06-15,2025-07-05,8824
834,25,86,2021-05-23,2028-09-01,6552
835,562,97,2019-11-15,2026-05-02,1514
836,149,68,2020-01-14,2024-11-11,1674
837,226,56,2021-06-03,2028-02-22,8817
838,540,94,2021-10-11,2027-03-24,3182
839,369,55,2022-11-29,2024-12-25,1364
840,551,91,2020-04-12,2028-09-25,4894
841,81,68,2020-03-28,2029-04-18,5823
842,855,38,2024-01-05,2028-07-11,9979
843,95,9,2023-12-30,2027-03-16,5413
844,370,28,2021-07-10,2026-06-09,6143
845,299,72,2022-03-29,2027-07-14,3179
846,959,92,2020-11-06,2026-12-21,9691
847,665,29,2024-07-31,2028-11-16,8754
848,518,31,2024-04-18,2025-03-24,9061
849,397,91,2021-08-19,2029-05-14,9669
850,648,32,2023-10-04,2025-04-12,2757
851,395,34,2021-09-21,2029-02-14,9046
852,957,33,2022-04-08,2026-05-12,6555
853,16,29,2024-06-18,2029-01-23,1728
854,136,37,2022-02-11,2028-03-28,9101
855,468,84,2020-01-17,2027-08-10,1013
856,742,94,2021-06-25,2026-12-17,5575
857,816,33,2021-05-20,2026-08-08,8865
858,130,75,2020-07-06,2025-09-02,5004
859,770,17,2021-05-23,2027-05-17,7559
860,711,65,2022-12-04,2028-10-09,7184
861,655,75,2023-12-19,2028-10-21,1743
862,994,30,2023-06-03,2029-08-10,2656
863,400,36,2022-11-10,2026-01-03,9896
864,462,53,2022-09-22,2025-09-04,6629
865,738,3,2023-01-02,2028-11-04,7779
866,700,85,2020-04-08,2026-04-02,5746
867,848,11,2021-06-07,2025-11-13,9547
868,758,14,2020-08-02,2026-07-26,7907
869,586,0,2020-12-30,2028-08-28,2286
870,244,69,2023-07-11,2027-05-06,6527
871,974,40,2022-04-02,2025-11-10,1514
872,668,79,2024-05-25,2028-11-24,4282
873,193,28,2019-11-05,2025-05-20,1689
874,372,96,2020-10-15,2027-06-04,9262
875,919,35,2022-09-18,2026-10-29,1184
876,727,21,2021-04-22,2029-08-20,9460
877,845,46,2019-12-13,2026-04-07,9847
878,718,6,2021-01-09,2028-01-29,5124
879,850,53,2023-05-24,2029-01-31,7146
880,371,4,2020-08-31,2026-09-15,3354
881,267,70,2023-02-09,2027-02-01,5975
882,511,30,2023-05-09,2027-09-27,5777
883,922,13,2022-10-24,2028-12-13,7324
884,110,20,2023-10-17,2028-03-19,8461
885,491,75,2024-04-27,2027-10-08,4668
886,169,25,2022-07-28,2029-06-21,5156
887,835,35,2020-09-19,2026-05-01,3563
888,260,1,2021-01-12,2028-02-09,9051
889,327,63,2024-07-26,2028-08-27,6980
890,728,82,2022-01-06,2026-08-25,4287
891,957,96,2023-08-12,2027-03-28,7320
892,21,55,2021-08-03,2029-06-03,2988
893,88,16,2023-07-05,2027-07-21,6405
894,670,77,2019-10-14,2025-08-15,8304
895,216,72,2020-11-25,2028-01-28,4465
896,320,35,2020-12-02,2026-05-12,7974
897,961,56,2022-12-17,2028-07-23,5187
898,91,89,2023-09-12,2028-04-14,8317
899,872,60,2020-12-06,2027-07-20,3147
900,224,3,2019-12-04,2026-02-12,5274
901,78,87,2021-01-08,2025-09-12,1538
902,706,75,2023-09-25,2028-04-22,8276
903,728,26,2024-04-15,2026-04-18,6500
904,834,66,2020-03-22,2026-10-10,6709
905,449,51,2024-03-25,2029-07-02,1180
906,588,5,2023-04-10,2025-08-24,4261
907,764,65,2020-06-11,2025-11-27,9726
908,464,78,2020-12-15,2029-01-26,2951
909,90,43,2024-01-13,2028-12-13,4785
910,242,80,2024-07-29,2028-03-08,7061
911,54,47,2023-09-15,2028-11-24,3290
912,498,42,2020-01-05,2025-02-02,4671
913,465,88,2024-05-03,2027-02-08,4078
914,238,65,2021-05-05,2025-01-05,6679
915,806,34,2022-01-16,2024-12-04,3441
916,578,80,2024-05-25,2025-11-03,2321
917,522,7,2022-06-21,2026-01-11,3298
918,724,49,2023-08-03,2028-06-24,4307
919,853,6,2021-07-03,2025-08-22,1667
920,360,38,2023-08-29,2026-10-29,5989
921,208,63,2021-11-16,2028-06-12,5938
922,103,54,2021-11-24,2025-07-07,2750
923,870,57,2022-10-10,2024-12-06,5859
924,798,96,2023-03-19,2026-07-04,4509
925,479,45,2022-01-05,2025-10-28,4585
926,916,43,2020-07-01,2028-04-12,9844
927,285,6,2023-11-24,2025-10-26,7260
928,884,6,2021-04-02,2025-10-23,6145
929,553,2,2024-02-15,2026-12-11,3798
930,102,76,2024-03-14,2025-03-22,9495
931,565,28,2020-02-03,2026-02-21,2014
932,872,13,2021-11-11,2026-03-26,5202
933,937,80,2020-05-26,2026-10-22,3891
934,19,12,2024-05-13,2027-09-29,7076
935,384,98,2023-01-12,2027-12-19,2091
936,925,23,2021-11-24,2024-10-15,8211
937,750,99,2021-08-22,2024-11-28,1720
938,876,36,2022-04-20,2028-09-30,4887
939,864,79,2023-11-12,2028-06-08,6199
940,11,2,2020-05-19,2024-11-05,7700
941,200,35,2024-02-18,2029-06-13,1397
942,446,73,2021-09-28,2029-04-26,7147
943,420,17,2022-05-05,2025-12-24,6476
944,419,17,2023-09-24,2027-08-02,8998
945,916,99,2023-03-23,2026-09-17,4659
946,987,33,2020-06-08,2027-07-23,7008
947,161,0,2020-06-04,2027-09-26,5033
948,769,12,2021-12-30,2027-05-28,7601
949,437,20,2022-10-18,2027-02-18,6434
950,586,4,2021-08-26,2028-04-28,1533
951,652,96,2022-05-12,2026-07-13,4676
952,218,93,2022-04-08,2027-06-10,9508
953,33,50,2019-12-24,2028-11-21,4075
954,539,62,2021-04-28,2029-09-23,1330
955,249,2,2023-03-20,2024-11-06,2312
956,856,86,2022-10-05,2029-09-17,7615
957,318,29,2021-02-25,2025-01-08,3975
958,764,68,2022-09-23,2027-02-15,5744
959,921,24,2021-03-16,2025-02-13,3690
960,72,61,2024-08-21,2026-09-05,9632
961,244,73,2020-12-26,2025-09-07,3377
962,921,36,2021-07-24,2025-12-07,4919
963,191,62,2024-02-09,2028-10-04,7134
964,260,23,2021-09-29,2026-11-24,3464
965,960,57,2021-12-10,2026-01-06,1179
966,903,28,2021-02-25,2026-02-09,9523
967,880,52,2019-10-09,2026-05-02,7462
968,124,37,2022-03-24,2028-02-29,9665
969,186,8,2020-01-25,2027-08-22,3959
970,593,0,2022-12-07,2027-07-13,1819
971,250,98,2022-10-14,2028-06-28,7439
972,101,51,2020-12-22,2027-10-21,1630
973,923,81,2020-04-03,2028-01-02,8018
974,669,94,2021-06-14,2025-12-06,4532
975,112,2,2023-11-13,2025-09-18,5604
976,821,2,2020-11-07,2026-01-29,5647
977,264,1,2024-05-31,2028-10-25,7425
978,621,85,2021-08-19,2025-02-27,8507
979,895,58,2019-12-28,2029-06-14,7910
980,570,10,2020-12-22,2026-07-20,2013
981,623,21,2021-07-03,2026-03-27,9772
982,417,84,2022-05-17,2028-10-12,5048
983,210,48,2023-04-11,2027-11-19,8575
984,534,91,2024-04-29,2029-02-22,8794
985,346,39,2021-04-01,2027-01-26,4174
986,876,7,2023-11-30,2026-01-30,1515
987,476,7,2022-12-06,2025-02-13,9925
988,444,75,2024-03-24,2028-07-07,9116
989,600,77,2023-02-10,2028-08-15,1733
990,978,26,2022-01-18,2025-04-08,6635
991,75,83,2023-10-06,2026-08-08,6952
992,258,13,2020-02-15,2029-08-03,9753
993,274,41,2023-05-08,2028-11-13,2844
994,963,92,2023-02-09,2027-08-16,2420
995,989,27,2022-08-16,2027-07-22,2240
996,307,61,2021-09-04,2028-07-07,5969
997,612,44,2023-12-20,2025-04-24,1595
998,874,56,2022-12-12,2027-02-01,3575
999,664,50,2023-12-31,2027-01-07,4260
1000,318,72,2020-04-08,2026-10-25,3074
1001,712,8,2022-01-15,2026-09-07,6898
1002,563,99,2020-08-02,2025-07-10,4399
1003,150,97,2024-08-13,2027-11-29,4505
1004,517,51,2023-09-26,2026-03-08,6775
1005,27,25,2021-08-19,2025-06-21,3230
1006,148,76,2023-07-03,2026-10-22,6735
1007,373,81,2019-12-04,2028-04-10,2324
1008,413,21,2020-03-14,2026-06-18,9977
1009,537,28,2023-08-11,2027-01-06,1024
1010,211,14,2022-01-28,2028-05-23,9649
1011,274,35,2022-11-29,2028-06-05,2162
1012,911,82,2022-12-05,2027-11-16,1435
1013,68,99,2020-06-30,2027-06-26,1447
1014,612,5,2021-03-01,2026-02-22,7152
1015,55,49,2020-02-07,2027-05-03,8401
1016,493,99,2023-02-08,2026-11-20,4484
1017,312,46,2023-03-06,2025-08-06,1766
1018,375,19,2024-03-19,2028-02-22,7527
1019,966,61,2022-01-09,2025-03-19,8453
1020,932,8,2021-07-25,2027-10-13,1243
1021,342,67,2023-11-14,2027-05-17,1683
1022,474,57,2020-07-08,2026-04-02,1561
1023,711,20,2024-01-30,2026-06-03,8413
1024,212,30,2021-04-21,2025-07-12,3718
1025,75,90,2020-04-21,2025-10-23,1790
1026,656,27,2024-03-19,2026-07-03,7634
1027,613,40,2019-11-13,2028-01-16,4158
1028,141,2,2022-06-21,2025-12-29,3487
1029,830,95,2024-02-25,2028-04-17,8345
1030,444,56,2023-05-29,2026-01-23,6836
1031,707,5,2024-04-21,2028-02-25,4919
1032,797,72,2024-01-10,2026-06-08,9543
1033,800,78,2020-09-18,2026-03-16,8380
1034,406,11,2021-03-24,2026-08-26,8929
1035,59,33,2024-05-22,2026-02-06,6517
1036,878,33,2023-10-21,2029-02-03,7452
1037,948,13,2022-01-16,2027-10-12,6844
1038,10,31,2024-06-13,2029-05-19,3086
1039,390,31,2022-10-31,2027-08-02,4018
1040,368,11,2020-06-23,2028-01-25,2071
1041,224,76,2022-09-19,2025-04-17,1375
1042,492,87,2023-04-23,2028-06-03,6474
1043,144,94,2023-09-12,2028-02-26,9161
1044,804,91,2023-08-05,2026-12-10,7157
1045,257,72,2022-05-06,2029-03-16,6317
1046,991,98,2024-07-11,2025-03-26,5421
1047,272,99,2024-08-09,2024-12-05,5561
1048,655,36,2020-04-16,2024-11-22,1597
1049,222,29,2023-08-06,2027-01-22,6050
1050,319,58,2021-09-27,2029-01-02,9993
1051,689,50,2024-08-06,2027-09-01,8237
1052,96,67,2024-01-02,2029-06-12,6336
1053,489,0,2024-04-30,2025-08-07,6040
1054,423,84,2023-07-05,2029-01-31,6490
1055,786,52,2021-06-21,2027-01-05,4559
1056,855,53,2021-08-25,2029-09-01,7888
1057,254,16,2020-04-24,2027-01-12,9424
1058,496,40,2021-11-19,2025-01-30,8378
1059,809,85,2022-05-21,2028-05-24,3725
1060,100,63,2023-12-31,2027-11-30,5746
1061,837,99,2021-06-05,2025-04-03,1820
1062,912,42,2021-12-30,2029-09-19,1150
1063,709,54,2021-06-06,2025-11-28,8664
1064,298,75,2020-02-28,2029-08-31,3447
1065,759,51,2024-09-06,2026-12-19,3500
1066,602,51,2022-01-23,2026-11-23,7390
1067,612,85,2019-12-23,2025-11-17,8053
1068,253,49,2021-04-16,2028-08-10,6473
1069,637,25,2022-02-25,2026-05-20,3516
1070,948,62,2023-04-24,2029-04-05,2418
1071,260,30,2023-10-03,2029-07-19,2768
1072,488,57,2021-09-03,2026-07-26,7282
1073,992,98,2022-09-09,2025-07-07,8722
1074,573,27,2024-08-30,2027-06-04,8656
1075,857,7,2021-10-09,2026-12-19,5306
1076,530,73,2024-07-01,2027-12-27,2916
1077,178,78,2021-12-15,2028-10-26,2935
1078,424,93,2020-08-26,2026-10-23,6508
1079,190,82,2024-06-12,2026-01-16,7166
1080,853,58,2022-04-30,2028-11-30,5300
1081,108,36,2021-06-13,2029-01-27,2091
1082,306,19,2022-11-24,2027-06-25,7235
1083,334,30,2022-03-21,2025-11-06,2201
1084,331,47,2023-01-17,2028-05-08,2454
1085,443,2,2022-03-25,2028-08-14,6899
1086,572,80,2024-08-27,2026-11-25,2930
1087,434,31,2020-11-11,2028-02-16,7643
1088,965,16,2020-01-04,2026-12-24,1836
1089,820,22,2023-09-01,2026-10-05,9643
1090,456,12,2020-02-23,2027-04-03,9488
1091,939,99,2023-07-29,2025-01-07,2362
1092,20,60,2022-06-11,2028-07-28,2343
1093,710,85,2022-03-09,2026-05-15,7479
1094,407,24,2022-12-03,2029-07-05,3155
1095,650,4,2019-11-10,2027-08-25,7259
1096,667,77,2024-04-26,2027-09-13,1384
1097,644,0,2024-01-21,2027-12-25,4489
1098,330,90,2021-03-05,2028-10-28,9609
1099,643,36,2023-07-03,2026-11-26,8719
1100,41,81,2022-01-20,2029-09-10,6078
1101,216,39,2023-04-21,2024-11-07,4412
1102,191,67,2022-11-05,2025-05-29,5409
1103,864,36,2022-03-26,2026-03-21,2215
1104,726,14,2019-12-15,2028-07-22,4704
1105,23,6,2023-05-18,2028-10-17,5805
1106,975,6,2020-03-21,2029-08-28,7444
1107,52,85,2024-09-22,2028-04-02,8243
1108,211,63,2023-07-05,2029-07-25,3057
1109,539,91,2021-04-19,2025-11-29,5372
1110,786,85,2023-02-28,2026-07-23,2539
1111,755,42,2024-02-03,2026-09-10,1993
1112,490,61,2024-04-19,2025-05-21,1020
1113,120,53,2020-07-15,2029-06-02,7687
1114,302,89,2023-11-12,2027-07-02,4013
1115,992,68,2020-06-18,2025-08-17,4546
1116,567,10,2019-10-20,2026-11-01,5425
1117,927,30,2024-01-24,2029-02-10,7712
1118,493,52,2022-02-01,2027-09-03,6349
1119,324,96,2020-06-25,2028-02-20,3273
1120,159,90,2022-11-14,2026-12-24,2415
1121,375,50,2021-04-01,2026-07-29,3000
1122,16,34,2022-02-13,2027-02-26,6451
1123,241,97,2022-01-24,2029-04-11,9504
1124,522,41,2021-06-27,2027-07-18,2196
1125,316,47,2019-10-27,2025-09-07,7619
1126,805,17,2022-02-07,2028-08-26,5015
1127,268,57,2019-10-24,2024-11-13,2882
1128,573,56,2024-01-13,2028-02-04,6842
1129,892,7,2023-01-28,2028-04-23,5603
1130,350,16,2023-05-02,2026-10-05,2837
1131,452,3,2020-03-17,2028-05-11,9736
1132,387,30,2020-02-13,2025-01-18,3902
1133,119,94,2020-01-02,2027-01-09,4758
1134,812,56,2024-05-17,2025-09-19,6704
1135,41,94,2023-04-01,2024-10-25,1630
1136,729,66,2023-10-01,2028-02-08,9227
1137,927,95,2020-11-05,2024-12-28,7738
1138,151,65,2021-08-08,2026-11-30,8115
1139,319,63,2020-01-20,2028-10-27,3292
1140,657,75,2024-09-16,2027-03-26,9041
1141,203,21,2021-12-12,2025-02-16,2370
1142,707,3,2024-03-09,2028-12-09,8013
1143,736,17,2023-11-28,2029-05-23,5526
1144,409,46,2020-05-13,2028-12-09,8420
1145,496,54,2020-06-25,2026-02-06,2373
1146,342,91,2023-12-30,2029-09-14,1389
1147,773,52,2019-11-03,2027-03-21,9879
1148,987,14,2024-04-21,2026-08-31,2440
1149,585,69,2024-04-18,2027-02-03,7210
1150,184,11,2023-12-29,2025-05-13,5776
1151,45,85,2021-10-10,2028-10-15,7726
1152,637,24,2022-12-28,2026-11-09,4075
1153,283,97,2022-12-13,2028-08-17,4600
1154,537,6,2024-01-02,2024-10-24,6905
1155,740,71,2019-10-08,2025-11-08,3152
1156,474,97,2022-05-05,2029-06-04,2307
1157,970,24,2020-10-11,2025-04-25,7628
1158,929,22,2023-03-14,2026-01-18,1707
1159,950,2,2024-02-05,2025-12-23,5805
1160,148,79,2020-09-29,2028-11-18,5803
1161,748,96,2024-04-17,2025-04-05,2618
1162,895,38,2022-07-01,2028-01-23,2041
1163,780,17,2023-07-23,2028-07-01,7549
1164,914,16,2020-06-27,2028-10-25,3825
1165,495,31,2023-03-06,2025-06-27,5491
1166,642,79,2022-07-01,2029-05-02,5829
1167,140,28,2021-01-18,2027-04-10,6661
1168,422,26,2023-02-03,2027-03-17,1246
1169,370,78,2023-03-19,2026-12-09,7358
1170,459,84,2020-10-24,2028-07-30,2686
1171,94,55,2023-02-08,2026-06-06,2642
1172,771,3,2019-11-24,2029-05-24,6663
1173,10,74,2023-05-25,2028-03-23,8508
1174,676,17,2020-04-30,2029-03-29,6166
1175,304,66,2023-03-21,2026-07-12,2200
1176,900,51,2021-02-02,2029-08-25,3231
1177,492,47,2022-05-16,2027-07-09,5526
1178,247,20,2020-01-01,2027-12-10,7528
1179,889,54,2021-05-24,2027-06-04,9522
1180,561,84,2022-03-05,2029-03-29,2958
1181,418,62,2022-01-09,2028-11-05,8784
1182,488,32,2020-12-30,2027-11-21,1672
1183,824,81,2022-12-24,2029-09-10,1683
1184,390,57,2019-12-20,2026-03-05,7872
1185,510,39,2023-12-02,2025-05-23,6764
1186,397,62,2020-03-29,2029-08-22,1826
1187,120,93,2020-07-03,2025-11-15,4982
1188,185,77,2021-04-22,2028-03-15,1358
1189,355,49,2021-05-29,2028-04-05,5431
1190,421,33,2019-10-30,2029-03-07,7761
1191,37,88,2023-08-26,2026-01-03,4710
1192,879,11,2022-11-17,2028-12-05,2223
1193,133,88,2023-10-08,2025-05-23,1807
1194,394,88,2021-05-27,2025-10-05,8947
1195,809,75,2022-12-29,2029-03-25,3076
1196,722,98,2022-06-06,2027-03-07,6589
1197,702,71,2022-12-31,2029-01-18,6246
1198,745,0,2024-09-23,2028-10-02,5190
1199,229,63,2020-09-17,2024-10-12,3366
1200,854,25,2023-08-15,2028-02-21,5439
1201,752,57,2020-05-25,2029-03-18,2378
1202,773,56,2021-08-08,2027-10-01,3836
1203,818,24,2023-05-27,2025-03-05,2262
1204,100,26,2020-12-18,2028-06-16,3717
1205,726,97,2020-10-30,2027-07-31,3140
1206,433,95,2024-06-15,2029-06-12,8540
1207,191,75,2022-01-14,2029-03-31,4854
1208,736,64,2022-12-28,2027-05-22,3387
1209,372,44,2021-01-11,2029-03-25,3101
1210,257,86,2020-05-25,2024-10-31,3909
1211,388,48,2022-09-15,2026-01-23,4805
1212,621,66,2020-04-27,2027-05-27,8639
1213,570,82,2023-06-02,2029-08-19,7562
1214,753,4,2022-05-31,2028-05-12,6625
1215,592,22,2022-07-31,2027-07-23,7655
1216,155,82,2021-10-22,2024-11-21,8468
1217,769,48,2024-03-14,2025-01-21,2660
1218,494,8,2021-05-23,2029-06-11,2237
1219,382,80,2023-11-10,2026-05-04,9073
1220,502,56,2021-11-06,2025-10-12,2041
1221,392,67,2022-06-26,2029-03-12,5616
1222,108,78,2020-09-21,2025-05-03,9992
1223,376,62,2023-03-22,2026-06-02,2452
1224,273,42,2023-11-27,2027-07-01,6162
1225,811,89,2024-01-31,2028-08-31,9041
1226,336,19,2023-09-15,2026-07-19,5165
1227,994,74,2021-11-20,2026-08-06,4090
1228,309,46,2020-11-25,2028-05-15,5871
1229,503,68,2020-11-03,2027-04-17,4819
1230,217,18,2020-05-01,2027-01-20,4322
1231,197,54,2020-05-31,2024-11-21,6821
1232,860,78,2023-05-24,2024-10-08,2984
1233,490,94,2023-06-15,2026-07-02,6379
1234,793,79,2022-08-15,2029-02-02,2973
1235,127,51,2022-08-14,2026-09-02,4482
1236,14,43,2021-05-27,2029-04-21,5740
1237,931,72,2024-09-24,2027-12-23,1061
1238,759,80,2020-07-14,2028-12-25,3823
1239,746,73,2021-08-21,2026-06-15,6013
1240,702,15,2022-12-02,2028-07-08,9016
1241,320,9,2020-02-04,2028-12-15,9700
1242,915,81,2022-05-27,2024-12-31,6547
1243,193,47,2024-03-05,2026-10-09,1258
1244,414,49,2022-01-30,2026-12-30,3156
1245,128,17,2022-11-06,2028-02-02,5528
1246,313,42,2020-03-05,2027-01-01,8371
1247,159,91,2021-03-30,2025-01-17,6943
1248,164,25,2024-09-08,2027-10-14,2132
1249,945,5,2023-01-13,2027-09-02,9368
1250,302,74,2019-10-14,2026-07-14,9448
1251,238,58,2024-04-23,2024-10-10,2810
1252,51,27,2020-07-02,2027-10-27,7429
1253,263,85,2020-05-21,2025-11-11,7223
1254,239,31,2024-06-30,2024-10-10,4661
1255,96,50,2020-01-02,2026-04-04,6528
1256,313,43,2021-08-01,2028-05-15,9159
1257,517,88,2024-03-21,2025-04-18,2470
1258,461,40,2024-09-28,2029-08-13,7417
1259,938,69,2021-04-17,2024-12-25,4703
1260,407,39,2024-02-29,2025-05-30,8026
1261,906,15,2023-11-30,2029-03-07,5100
1262,936,43,2021-03-18,2026-10-24,3017
1263,492,72,2022-07-29,2027-01-10,8431
1264,30,24,2021-02-25,2027-09-15,8309
1265,337,11,2022-05-11,2026-09-07,5579
1266,319,46,2023-04-12,2025-08-30,6234
1267,989,79,2021-03-01,2024-12-03,2079
1268,519,32,2024-09-09,2027-12-03,5283
1269,49,28,2024-08-12,2025-06-12,9941
1270,139,35,2021-04-07,2025-05-24,9963
1271,971,90,2020-09-02,2026-03-03,8616
1272,779,38,2019-11-14,2027-08-25,3004
1273,628,56,2023-09-10,2026-06-14,1440
1274,472,10,2021-10-18,2027-05-07,4102
1275,875,75,2021-07-16,2028-04-15,8161
1276,877,63,2024-04-08,2028-12-26,2194
1277,887,1,2022-05-25,2026-05-22,1112
1278,280,79,2023-06-30,2028-08-03,8416
1279,646,95,2023-06-26,2028-10-13,6623
1280,152,63,2022-02-25,2025-04-09,3496
1281,34,10,2022-02-28,2025-05-28,1770
1282,162,70,2019-11-05,2027-03-21,4797
1283,129,59,2024-07-21,2025-12-14,5022
1284,697,10,2021-03-10,2025-12-28,9503
1285,957,64,2022-11-25,2028-11-16,5163
1286,306,19,2020-04-08,2029-09-01,7706
1287,290,36,2022-02-19,2027-08-09,9683
1288,650,52,2021-04-08,2026-07-19,8312
1289,949,67,2024-04-27,2026-12-26,4698
1290,747,78,2022-01-03,2025-08-23,7787
1291,46,13,2023-11-08,2027-11-30,9631
1292,432,25,2021-04-12,2027-06-12,4815
1293,241,42,2024-08-25,2025-03-28,5528
1294,823,50,2023-10-26,2025-08-24,9114
1295,303,53,2020-07-31,2027-11-28,4440
1296,489,7,2020-12-14,2027-10-18,7611
1297,972,70,2024-05-22,2025-06-11,8486
1298,537,90,2021-04-23,2028-09-08,4908
1299,55,62,2020-06-21,2026-08-12,7214
1300,521,0,2021-08-04,2028-04-26,6992
1301,375,51,2021-02-26,2026-10-08,4484
1302,848,82,2021-03-30,2028-07-31,2269
1303,342,92,2024-02-04,2026-10-08,7721
1304,425,25,2020-11-22,2026-07-26,4954
1305,982,7,2023-05-31,2027-03-22,6221
1306,812,32,2021-01-27,2024-11-16,7400
1307,33,73,2021-09-17,2025-09-23,3547
1308,69,4,2021-04-28,2026-03-14,3207
1309,937,80,2022-02-13,2027-03-12,1925
1310,152,58,2021-06-20,2025-07-06,4532
1311,156,29,2020-08-10,2026-12-27,9398
1312,567,31,2024-05-06,2026-01-26,9052
1313,314,56,2024-03-19,2025-02-16,2636
1314,572,68,2022-03-21,2025-09-10,2114
1315,359,42,2021-07-25,2028-12-01,4906
1316,585,29,2022-08-25,2028-03-22,2620
1317,369,69,2022-11-08,2026-01-18,8296
1318,367,46,2020-07-17,2028-03-12,4591
1319,319,84,2024-02-14,2025-03-14,1375
1320,167,99,2023-10-15,2025-03-03,3653
1321,19,44,2022-12-18,2026-01-14,8618
1322,171,94,2023-05-28,2025-04-13,7335
1323,323,82,2024-01-17,2026-05-03,4742
1324,372,21,2021-12-07,2026-03-23,8359
1325,892,2,2020-03-16,2025-11-30,1613
1326,611,79,2024-07-10,2029-05-16,5460
1327,597,14,2021-11-15,2025-08-23,4004
1328,239,19,2022-03-08,2029-06-05,8390
1329,500,18,2020-02-25,2027-03-02,7813
1330,665,71,2024-08-09,2028-01-25,1378
1331,527,55,2021-12-28,2028-10-08,6688
1332,684,6,2021-07-14,2025-03-10,6906
1333,78,14,2020-11-20,2028-06-02,5079
1334,258,33,2021-04-16,2028-09-30,5093
1335,544,44,2022-05-04,2029-06-19,4977
1336,128,37,2021-11-24,2028-09-11,5327
1337,453,56,2024-01-23,2026-04-27,3278
1338,235,73,2020-03-26,2027-08-27,8438
1339,199,75,2023-04-28,2027-06-28,3655
1340,994,3,2021-10-11,2029-09-11,6763
1341,690,43,2023-03-23,2028-06-01,2168
1342,54,46,2020-12-23,2027-10-31,4047
1343,588,98,2024-06-02,2028-02-28,7758
1344,538,60,2021-08-20,2026-07-27,1320
1345,651,80,2021-12-15,2028-04-10,2403
1346,662,36,2022-10-15,2026-04-01,2973
1347,500,83,2023-11-12,2025-07-20,7948
1348,35,36,2024-01-18,2029-08-01,5169
1349,515,68,2020-11-01,2027-06-01,4526
1350,243,27,2022-12-03,2029-01-01,4076
1351,766,38,2021-03-20,2027-02-07,1413
1352,75,74,2023-08-04,2025-07-07,6636
1353,925,9,2020-09-04,2026-06-10,7821
1354,244,48,2022-05-09,2027-09-23,1583
1355,412,71,2023-12-19,2025-05-05,3994
1356,870,16,2023-01-13,2028-01-26,7935
1357,850,87,2021-09-22,2026-06-11,9403
1358,476,26,2024-09-16,2029-02-24,4322
1359,760,75,2020-07-24,2027-05-11,7711
1360,191,16,2022-07-14,2025-10-21,8029
1361,128,66,2022-07-22,2028-07-12,4796
1362,131,30,2022-03-24,2027-01-24,4768
1363,653,57,2024-09-08,2027-10-27,4218
1364,749,16,2023-05-10,2026-08-12,6375
1365,185,96,2022-12-17,2026-10-25,1743
1366,172,38,2020-05-10,2027-10-23,5424
1367,626,48,2020-04-26,2029-05-24,6227
1368,767,5,2023-11-01,2026-03-21,7600
1369,905,40,2021-03-14,2026-11-01,3498
1370,852,30,2024-08-10,2028-05-03,1734
1371,55,49,2021-06-19,2025-12-09,3313
1372,700,14,2022-08-25,2025-01-04,8121
1373,603,53,2022-09-21,2026-07-03,4501
1374,929,97,2020-10-01,2028-07-02,7645
1375,305,63,2020-11-22,2025-10-09,7078
1376,340,21,2024-06-17,2028-05-03,3326
1377,509,63,2019-11-11,2027-07-08,4175
1378,500,94,2020-04-13,2024-10-14,6076
1379,749,84,2020-11-30,2026-12-21,2710
1380,814,90,2022-02-02,2027-05-20,2922
1381,188,63,2023-08-20,2025-01-16,7508
1382,534,45,2020-02-04,2027-06-19,7568
1383,104,19,2024-06-04,2027-10-02,3875
1384,761,53,2020-10-28,2029-09-23,5296
1385,175,51,2021-01-01,2026-04-11,1583
1386,206,49,2024-09-18,2025-03-26,4169
1387,451,11,2021-01-04,2025-12-04,4985
1388,62,82,2022-10-15,2027-03-29,2248
1389,953,17,2024-05-28,2025-03-26,7850
1390,493,73,2023-04-02,2027-08-26,7600
1391,972,0,2023-07-30,2028-01-21,7897
1392,461,22,2023-05-29,2025-10-17,1878
1393,521,66,2021-10-13,2027-05-12,4512
1394,592,84,2024-07-19,2028-07-18,5198
1395,681,36,2020-06-03,2028-06-27,2417
1396,406,32,2019-10-30,2025-03-10,4039
1397,567,18,2024-09-02,2025-01-13,1495
1398,515,96,2023-11-25,2025-07-01,9765
1399,377,41,2024-09-01,2027-03-31,4948
1400,760,38,2023-12-15,2027-12-12,4743
1401,83,12,2021-09-21,2028-03-10,5229
1402,559,34,2021-07-11,2026-11-11,8734
1403,177,79,2022-09-30,2025-10-19,2769
1404,926,27,2020-04-10,2028-01-25,4481
1405,900,45,2020-08-04,2024-11-26,3465
1406,255,64,2022-02-17,2025-05-16,8945
1407,198,10,2021-01-15,2029-01-23,3478
1408,761,12,2022-02-11,2028-03-26,9308
1409,835,76,2024-09-12,2028-09-21,4658
1410,217,4,2022-03-17,2025-09-23,6212
1411,640,24,2021-11-04,2029-09-05,7654
1412,544,79,2022-01-01,2025-10-30,5369
1413,181,44,2024-03-11,2026-01-12,2909
1414,483,93,2023-07-04,2029-08-18,1922
1415,803,88,2020-07-04,2025-06-23,8182
1416,496,85,2022-10-20,2025-07-03,1619
1417,189,79,2024-06-11,2024-11-29,2307
1418,949,21,2021-04-04,2028-04-08,5577
1419,481,62,2021-09-29,2028-07-07,8565
1420,423,49,2022-09-16,2029-01-14,7431
1421,709,42,2023-09-30,2028-07-15,7976
1422,476,65,2020-04-07,2024-11-13,4244
1423,551,53,2024-06-14,2027-08-26,4426
1424,693,86,2022-05-30,2026-12-26,7876
1425,31,78,2020-02-25,2026-10-28,5861
1426,666,21,2022-02-03,2027-08-15,6271
1427,550,44,2023-07-12,2025-03-22,1613
1428,242,86,2022-04-29,2025-09-02,7209
1429,223,11,2020-08-01,2027-11-25,7233
1430,66,36,2021-06-11,2028-04-20,6974
1431,962,73,2020-05-30,2027-08-01,4946
1432,752,81,2023-08-10,2025-07-09,8263
1433,154,50,2023-12-22,2025-03-22,3627
1434,874,1,2020-10-27,2028-02-02,5936
1435,199,83,2020-05-23,2025-08-13,3807
1436,385,25,2023-12-15,2026-12-21,9296
1437,756,11,2024-04-21,2025-01-07,5409
1438,218,65,2022-07-04,2026-10-19,8235
1439,814,68,2023-10-26,2027-02-11,3377
1440,652,64,2021-07-17,2025-05-31,7974
1441,739,4,2022-02-10,2027-03-27,4372
1442,773,8,2019-11-15,2025-10-03,8611
1443,848,82,2024-02-23,2027-12-21,9349
1444,696,75,2021-06-10,2029-04-07,1784
1445,23,78,2020-07-30,2025-03-12,4131
1446,78,42,2022-11-06,2025-09-16,4250
1447,188,76,2024-01-13,2028-09-24,3102
1448,822,57,2022-08-21,2026-04-05,2067
1449,588,91,2024-08-16,2027-01-03,5580
1450,120,17,2024-05-16,2025-10-16,3686
1451,214,74,2024-08-24,2027-08-21,8239
1452,975,56,2022-05-12,2027-09-14,5485
1453,926,60,2023-01-05,2028-10-20,4930
1454,561,73,2020-12-05,2027-10-23,7742
1455,989,66,2024-06-11,2024-10-14,6256
1456,163,25,2023-09-06,2027-05-20,1307
1457,718,79,2022-07-05,2029-07-25,2673
1458,178,57,2022-07-19,2027-06-23,5250
1459,463,77,2021-03-18,2025-01-16,2102
1460,438,34,2024-02-23,2025-08-25,1342
1461,616,82,2024-02-14,2027-01-04,4075
1462,993,31,2022-03-22,2025-02-11,1662
1463,769,36,2020-07-22,2027-02-12,8573
1464,333,40,2022-05-06,2027-04-19,1467
1465,47,37,2022-01-20,2029-02-23,4187
1466,921,36,2022-01-02,2025-04-20,4867
1467,567,54,2021-12-04,2029-03-23,1478
1468,278,41,2022-03-30,2025-10-03,6867
1469,505,7,2022-09-06,2028-04-14,8456
1470,719,46,2024-08-09,2027-01-02,5894
1471,671,69,2021-11-08,2027-11-18,2752
1472,223,60,2020-04-23,2028-12-28,1171
1473,153,29,2021-06-29,2025-01-26,7970
1474,194,60,2022-10-03,2026-07-06,5325
1475,340,41,2023-10-17,2029-04-13,4645
1476,196,59,2021-09-13,2024-10-27,8759
1477,414,24,2019-12-02,2025-01-26,3257
1478,797,92,2020-12-15,2026-08-07,8497
1479,344,71,2023-05-25,2028-05-01,9348
1480,5,91,2022-03-28,2027-04-07,5430
1481,90,91,2020-04-08,2025-04-15,2213
1482,546,23,2019-12-29,2029-04-07,2961
1483,852,76,2021-08-10,2026-10-11,4694
1484,154,47,2020-03-29,2025-04-14,8601
1485,116,34,2022-01-07,2028-07-18,3072
1486,626,25,2020-06-29,2024-12-10,4535
1487,963,19,2023-01-03,2027-08-11,9985
1488,380,24,2020-03-09,2029-08-05,9338
1489,354,67,2022-11-14,2029-02-17,3693
1490,625,32,2022-11-08,2025-01-12,2498
1491,248,84,2020-01-22,2027-04-29,9487
1492,860,92,2021-04-03,2025-12-17,2058
1493,4,22,2024-09-02,2026-10-18,1118
1494,954,54,2021-03-28,2027-02-26,1126
1495,121,10,2022-05-31,2027-07-22,3417
1496,23,76,2020-12-21,2026-07-02,9707
1497,548,90,2020-09-14,2025-02-07,9724
1498,115,78,2023-02-12,2029-07-26,1654
1499,408,21,2020-12-14,2029-04-01,8765
1500,913,42,2023-11-27,2026-04-12,5968
1501,657,79,2023-05-01,2027-05-07,1896
1502,480,25,2022-03-06,2028-06-10,6888
1503,840,22,2023-03-14,2029-08-02,9381
1504,102,33,2022-08-11,2028-09-19,4838
1505,270,35,2022-09-09,2027-05-06,8231
1506,394,81,2022-09-08,2029-09-01,2998
1507,237,69,2022-07-05,2026-01-19,9131
1508,304,65,2020-07-31,2028-08-14,2162
1509,384,80,2021-12-17,2026-10-22,7121
1510,810,82,2024-09-09,2026-01-02,2155
1511,636,38,2022-02-01,2027-01-08,1362
1512,163,22,2020-10-16,2026-07-10,1523
1513,102,46,2024-08-20,2027-05-31,8565
1514,669,65,2023-09-03,2025-12-16,2109
1515,368,61,2024-09-16,2027-01-26,5153
1516,151,96,2020-11-13,2026-09-15,1494
1517,571,21,2023-08-28,2029-03-31,3036
1518,930,4,2020-09-11,2026-08-05,9420
1519,941,71,2022-02-28,2029-06-27,5156
1520,468,73,2024-01-04,2025-03-14,1423
1521,158,39,2021-09-09,2027-06-21,2567
1522,253,61,2020-12-23,2027-08-16,8814
1523,687,94,2022-12-05,2028-10-01,8340
1524,168,96,2024-08-12,2028-10-28,3821
1525,757,10,2021-03-18,2025-05-12,2882
1526,411,71,2020-02-12,2028-03-19,7501
1527,605,45,2022-02-15,2025-10-29,6619
1528,235,66,2023-10-07,2027-08-11,9347
1529,284,3,2020-12-20,2027-12-29,4359
1530,120,78,2021-10-15,2027-12-23,5086
1531,151,46,2020-12-23,2028-05-16,4708
1532,971,49,2021-01-31,2029-06-19,3308
1533,13,30,2021-11-16,2024-11-28,3221
1534,760,17,2024-04-26,2026-01-23,9271
1535,265,50,2020-10-13,2029-05-04,3103
1536,406,12,2022-04-16,2027-10-24,8574
1537,523,11,2023-03-26,2025-12-25,7162
1538,120,11,2021-04-06,2028-02-27,9995
1539,477,63,2021-04-27,2025-06-29,3202
1540,769,8,2023-05-03,2028-09-07,5158
1541,690,93,2024-08-21,2025-10-30,2121
1542,224,14,2023-11-19,2029-06-20,7899
1543,888,78,2021-08-30,2024-12-23,9027
1544,642,72,2020-09-03,2027-03-31,8511
1545,401,63,2020-10-26,2028-12-01,3446
1546,970,18,2023-09-22,2029-03-18,5435
1547,879,42,2024-06-24,2028-03-31,9384
1548,981,75,2021-11-24,2025-02-15,9565
1549,491,67,2021-07-14,2028-10-07,4544
1550,790,55,2019-10-18,2028-02-14,3888
1551,146,63,2023-07-01,2024-10-07,9585
1552,46,18,2023-08-03,2027-12-16,1214
1553,636,3,2024-04-10,2027-03-21,2706
1554,66,42,2024-09-17,2029-07-08,2890
1555,132,69,2023-02-24,2029-09-02,4448
1556,493,15,2021-09-20,2027-04-10,1879
1557,589,64,2021-08-13,2026-10-05,9695
1558,646,83,2020-12-02,2025-02-04,6486
1559,505,25,2023-12-08,2026-07-08,3711
1560,901,20,2023-12-13,2027-10-15,4470
1561,756,14,2022-05-31,2027-04-19,4250
1562,774,44,2020-09-05,2025-03-20,9458
1563,809,62,2024-01-12,2026-05-21,8298
1564,974,81,2022-10-11,2025-12-29,3713
1565,660,20,2021-04-04,2029-03-02,5716
1566,260,13,2020-06-25,2027-10-25,7898
1567,298,0,2022-06-07,2027-03-26,1339
1568,85,82,2023-05-02,2029-03-08,5726
1569,51,60,2024-05-19,2026-07-13,5735
1570,711,61,2023-04-05,2027-06-12,2967
1571,790,90,2021-09-04,2029-07-09,2578
1572,370,61,2020-03-05,2026-01-19,1137
1573,828,23,2024-08-22,2025-06-26,9713
1574,999,81,2024-09-21,2028-02-07,9503
1575,472,23,2023-03-11,2026-07-30,6621
1576,996,21,2021-08-27,2026-01-29,6103
1577,649,90,2024-01-12,2029-03-13,6639
1578,136,61,2024-01-24,2027-05-28,4822
1579,198,36,2023-06-22,2028-10-28,9894
1580,32,19,2023-06-10,2025-03-03,7552
1581,324,49,2024-06-07,2025-12-24,7246
1582,463,72,2021-07-04,2026-12-09,4520
1583,131,19,2021-05-31,2026-03-22,3300
1584,594,10,2021-08-17,2029-05-23,5662
1585,806,73,2022-05-26,2028-09-01,9674
1586,789,42,2020-05-16,2025-01-29,8881
1587,891,92,2024-09-22,2025-04-23,2030
1588,999,43,2022-12-09,2029-03-09,8821
1589,341,3,2020-06-04,2029-05-16,4556
1590,574,78,2019-11-18,2028-03-27,8792
1591,513,15,2023-05-23,2027-06-08,4869
1592,401,46,2024-07-20,2027-01-22,8068
1593,236,72,2022-02-27,2026-03-15,4623
1594,980,96,2021-06-18,2024-11-21,5203
1595,894,33,2020-05-03,2024-11-06,5990
1596,699,82,2022-11-19,2028-06-13,9380
1597,554,8,2022-07-09,2029-09-29,9003
1598,276,71,2022-12-06,2025-01-23,4380
1599,926,99,2022-09-12,2025-09-13,8244
1600,714,8,2021-11-03,2027-12-03,4152
1601,347,94,2023-07-09,2028-09-22,4749
1602,491,91,2023-11-11,2029-09-11,7894
1603,13,94,2022-08-23,2029-05-05,5411
1604,338,19,2023-11-05,2029-07-25,8535
1605,917,33,2021-09-08,2028-01-09,7781
1606,13,78,2021-09-11,2028-01-16,2443
1607,440,81,2020-08-16,2026-02-02,2399
1608,961,57,2021-12-04,2025-10-19,9419
1609,732,6,2023-06-09,2029-06-26,4218
1610,735,37,2023-09-28,2025-02-10,4717
1611,658,85,2022-11-08,2026-08-12,1362
1612,376,38,2021-07-05,2028-04-05,7048
1613,430,53,2020-05-14,2026-09-25,3190
1614,68,38,2020-12-07,2027-06-23,5490
1615,413,5,2024-06-30,2028-01-05,1608
1616,793,78,2020-08-24,2027-05-07,4024
1617,614,2,2022-10-01,2026-08-25,5141
1618,712,86,2020-07-21,2025-03-06,4707
1619,779,37,2023-10-20,2029-03-10,1966
1620,459,56,2023-02-28,2027-07-20,9036
1621,804,19,2022-07-12,2026-09-05,5989
1622,48,0,2019-11-18,2028-08-06,3307
1623,390,73,2022-05-25,2025-12-25,8239
1624,721,20,2021-11-04,2029-02-19,7858
1625,293,39,2023-05-23,2025-03-06,9082
1626,795,61,2021-06-20,2026-07-12,2165
1627,172,19,2021-01-14,2028-05-11,4845
1628,291,77,2020-11-29,2028-12-18,8846
1629,522,21,2022-07-07,2028-03-04,5566
1630,584,24,2022-08-08,2028-05-06,2337
1631,115,76,2020-08-02,2029-08-25,5026
1632,528,52,2021-08-11,2026-10-15,4773
1633,979,66,2022-06-19,2026-10-22,9082
1634,525,91,2023-01-25,2028-12-31,3274
1635,892,9,2020-10-21,2029-02-23,5717
1636,981,94,2023-11-25,2024-11-13,8721
1637,985,78,2021-03-24,2029-05-11,4447
1638,6,7,2019-12-01,2025-02-12,3840
1639,612,31,2020-08-06,2025-10-01,8832
1640,769,26,2024-03-14,2025-12-02,9554
1641,184,32,2019-11-12,2028-02-25,3238
1642,761,51,2021-06-19,2025-12-14,8879
1643,23,11,2021-11-11,2027-06-29,8693
1644,231,43,2020-10-16,2025-07-06,6641
1645,588,83,2023-01-09,2026-11-05,8199
1646,374,39,2021-11-06,2026-10-13,5598
1647,630,7,2023-04-27,2027-08-27,3664
1648,13,96,2022-12-21,2026-06-14,1141
1649,887,65,2021-09-10,2028-04-19,6726
1650,874,18,2020-06-07,2025-04-15,8702
1651,269,2,2023-10-09,2026-07-05,7968
1652,891,89,2021-02-16,2028-08-18,6852
1653,737,10,2023-01-01,2029-09-21,3347
1654,156,82,2021-06-05,2027-12-29,8144
1655,214,43,2020-06-07,2029-01-25,8888
1656,348,72,2022-08-12,2028-04-07,8923
1657,762,59,2024-04-28,2026-08-09,3068
1658,301,10,2022-04-12,2025-11-26,6822
1659,740,40,2020-11-07,2026-01-19,4847
1660,864,80,2024-05-03,2026-03-27,4818
1661,5,92,2022-01-31,2028-08-21,8627
1662,468,20,2020-09-26,2025-06-18,9369
1663,62,2,2021-02-09,2029-07-08,8910
1664,86,23,2021-09-25,2025-01-15,6628
1665,537,21,2020-01-01,2029-07-01,4945
1666,569,54,2022-09-15,2027-07-28,8530
1667,71,39,2022-10-23,2028-06-14,3871
1668,819,44,2021-09-27,2027-11-01,2488
1669,475,22,2020-05-26,2025-06-16,5729
1670,204,71,2021-03-24,2026-07-28,6624
1671,567,49,2023-09-03,2025-01-24,5146
1672,27,88,2024-04-06,2027-09-13,6373
1673,574,26,2023-05-28,2025-01-14,5162
1674,171,77,2024-04-03,2028-07-08,6397
1675,770,47,2021-09-04,2025-07-26,4005
1676,197,64,2021-08-25,2027-04-16,8308
1677,49,52,2020-10-12,2028-05-27,3685
1678,38,99,2021-10-27,2026-06-10,2236
1679,20,51,2023-11-25,2027-07-31,8780
1680,775,76,2024-09-27,2027-06-30,1740
1681,738,52,2021-07-19,2027-06-27,7300
1682,832,25,2022-07-29,2026-12-01,1796
1683,48,95,2022-12-03,2029-06-16,7650
1684,767,43,2020-05-30,2027-05-08,3817
1685,793,49,2023-04-23,2024-10-22,4858
1686,712,22,2023-12-19,2029-03-10,4282
1687,952,57,2022-01-14,2026-06-14,2007
1688,692,36,2021-12-05,2027-10-11,6564
1689,766,0,2021-10-10,2027-04-03,1826
1690,970,22,2020-10-03,2029-04-26,4758
1691,250,86,2024-10-01,2026-07-18,4085
1692,205,37,2024-08-13,2029-06-21,3783
1693,199,85,2023-04-09,2025-07-20,2684
1694,658,13,2022-08-09,2028-07-06,8146
1695,807,21,2023-04-05,2029-01-26,5515
1696,529,10,2023-05-12,2027-04-26,5519
1697,52,57,2024-09-01,2027-07-06,3300
1698,439,92,2019-10-22,2026-08-28,5041
1699,665,10,2024-04-02,2026-03-13,4853
1700,455,33,2022-11-29,2029-07-07,5068
1701,800,8,2022-01-22,2025-08-19,1276
1702,754,3,2023-09-01,2026-10-19,1533
1703,685,6,2020-12-18,2026-12-05,1889
1704,629,33,2020-01-11,2028-02-15,3697
1705,703,61,2024-02-21,2025-08-18,3749
1706,390,67,2022-09-08,2026-09-20,4569
1707,408,20,2021-06-28,2029-04-26,2427
1708,55,42,2022-01-13,2029-06-06,2673
1709,784,24,2021-12-15,2026-09-12,9762
1710,894,10,2024-03-02,2027-10-17,1375
1711,15,7,2024-07-08,2029-01-10,6681
1712,769,62,2021-01-09,2027-06-26,3033
1713,437,33,2020-11-28,2026-06-22,1893
1714,319,22,2020-08-10,2029-03-20,4758
1715,663,33,2020-07-20,2028-12-24,2008
1716,737,6,2022-01-25,2029-05-07,2494
1717,161,56,2024-01-30,2029-09-24,8420
1718,292,31,2020-07-07,2025-09-13,8612
1719,241,14,2022-04-28,2026-07-19,8684
1720,204,28,2020-08-09,2026-04-09,2310
1721,937,27,2023-09-12,2028-04-22,5170
1722,456,37,2023-08-01,2025-04-27,7403
1723,258,74,2021-04-01,2029-07-12,7600
1724,773,25,2021-01-19,2027-10-12,9979
1725,595,95,2021-12-05,2025-07-08,5767
1726,774,73,2020-01-06,2028-02-16,8074
1727,280,99,2020-03-08,2026-05-18,6695
1728,532,54,2021-12-07,2025-09-03,6754
1729,60,28,2022-04-27,2028-08-24,1126
1730,117,43,2019-12-15,2028-01-18,1111
1731,377,55,2022-01-08,2026-04-11,8903
1732,851,94,2024-03-20,2029-03-28,3635
1733,875,15,2020-04-27,2025-03-01,7808
1734,222,3,2022-07-12,2029-08-27,4422
1735,62,89,2020-02-11,2028-07-08,1720
1736,407,25,2021-07-15,2025-05-25,9168
1737,625,35,2021-06-07,2026-11-01,9401
1738,924,82,2020-12-22,2028-11-15,5856
1739,950,34,2022-12-30,2029-02-03,3327
1740,446,93,2023-03-03,2028-07-21,9806
1741,835,92,2020-12-02,2027-05-12,1131
1742,479,87,2024-03-21,2027-02-08,4428
1743,350,37,2023-12-05,2029-08-31,9491
1744,264,65,2020-07-28,2027-01-17,1999
1745,77,47,2020-04-27,2026-02-26,9285
1746,536,13,2022-07-02,2029-08-18,7223
1747,872,23,2024-04-12,2028-01-21,6875
1748,309,99,2020-02-16,2028-12-02,5543
1749,482,59,2023-09-25,2028-12-17,6069
1750,379,72,2019-10-31,2027-07-16,3310
1751,381,34,2024-02-17,2026-10-26,4960
1752,199,78,2023-11-10,2025-06-12,5962
1753,886,5,2022-05-29,2029-04-22,8657
1754,681,46,2023-10-30,2026-11-21,2488
1755,472,74,2022-12-07,2026-09-18,6291
1756,1,64,2024-07-21,2029-07-07,3643
1757,174,74,2021-05-30,2026-09-23,1025
1758,218,16,2020-07-13,2028-03-08,8472
1759,863,25,2023-02-10,2025-10-19,2612
1760,947,12,2020-04-09,2025-11-19,4362
1761,817,89,2024-05-31,2025-05-09,6078
1762,538,55,2021-01-12,2026-09-26,7883
1763,721,55,2020-02-17,2028-05-01,7458
1764,389,82,2021-05-25,2027-11-17,6569
1765,779,43,2023-03-21,2029-06-27,3289
1766,395,64,2024-02-11,2027-01-13,5536
1767,431,60,2022-10-22,2027-09-13,8858
1768,729,6,2022-10-11,2029-08-31,5038
1769,585,44,2023-03-13,2027-06-10,8320
1770,157,41,2021-06-28,2029-07-27,6537
1771,744,0,2022-01-26,2026-02-09,6757
1772,626,94,2020-04-06,2025-09-26,2836
1773,269,0,2021-06-12,2026-05-08,3795
1774,891,20,2021-12-28,2027-04-24,4710
1775,130,28,2020-11-28,2026-09-17,4092
1776,156,67,2020-01-02,2027-10-14,2019
1777,676,16,2020-03-15,2028-11-05,8347
1778,727,82,2021-06-08,2027-12-04,2716
1779,984,38,2023-03-18,2029-06-30,5780
1780,204,47,2019-12-09,2026-06-21,6938
1781,304,38,2023-01-19,2025-03-04,6698
1782,684,37,2023-10-18,2028-04-28,8733
1783,533,48,2022-09-09,2029-01-07,2159
1784,228,11,2022-07-21,2029-04-02,3448
1785,781,59,2022-04-04,2027-08-04,8018
1786,112,79,2020-04-05,2026-01-28,3853
1787,115,84,2019-11-15,2024-10-26,6338
1788,772,44,2022-01-31,2028-04-21,8604
1789,757,79,2023-06-08,2028-04-16,2114
1790,301,8,2021-12-25,2026-03-14,9770
1791,811,71,2023-03-24,2024-10-06,4163
1792,363,59,2020-05-18,2026-11-06,8211
1793,528,74,2023-01-20,2027-08-26,7107
1794,309,90,2023-02-25,2027-09-27,6757
1795,687,17,2019-12-29,2029-03-31,8257
1796,469,47,2023-02-06,2029-08-22,6121
1797,578,74,2020-10-25,2029-02-09,3704
1798,822,93,2020-03-19,2024-11-30,1138
1799,909,87,2024-09-24,2027-08-13,7081
1800,736,88,2019-11-14,2024-10-07,4569
1801,758,28,2021-02-04,2029-05-22,4753
1802,174,1,2021-04-19,2026-06-10,9404
1803,905,29,2022-10-01,2028-10-06,4055
1804,512,52,2024-04-30,2027-09-21,4822
1805,842,75,2021-04-22,2026-05-13,4678
1806,338,19,2022-12-10,2028-09-20,5719
1807,925,16,2019-11-29,2028-02-12,1284
1808,71,77,2020-12-08,2028-02-22,7504
1809,836,70,2022-08-05,2028-05-07,6780
1810,965,57,2022-01-01,2028-03-22,3314
1811,873,47,2021-04-28,2026-06-21,3967
1812,965,95,2022-02-12,2024-11-26,5817
1813,824,74,2021-07-06,2028-09-14,1626
1814,684,65,2023-08-22,2025-10-12,3223
1815,395,45,2019-12-24,2029-04-03,2554
1816,701,47,2020-12-17,2027-06-15,2004
1817,682,99,2022-03-31,2029-08-31,8081
1818,233,44,2022-09-26,2025-09-13,4893
1819,576,15,2023-08-08,2025-04-25,9114
1820,233,71,2020-02-20,2028-06-02,6946
1821,596,37,2020-12-15,2026-02-11,5618
1822,995,45,2020-10-23,2025-12-01,3863
1823,575,15,2023-05-02,2029-04-08,9509
1824,288,48,2024-03-25,2025-09-24,6999
1825,116,91,2021-01-01,2027-03-13,1311
1826,46,18,2020-08-15,2028-01-08,2210
1827,647,36,2024-04-26,2025-11-25,3166
1828,402,53,2020-12-24,2027-08-03,2935
1829,963,94,2023-09-09,2026-01-09,6307
1830,625,78,2023-06-09,2026-01-27,8137
1831,585,88,2024-01-20,2029-02-22,1698
1832,994,75,2022-11-23,2025-08-21,2529
1833,368,71,2020-05-10,2027-12-05,8645
1834,622,85,2020-02-16,2027-12-31,3406
1835,343,6,2021-05-07,2026-07-30,7961
1836,584,49,2021-03-05,2026-09-03,4661
1837,115,17,2022-06-18,2029-09-02,4703
1838,285,4,2023-01-20,2028-08-07,8015
1839,129,24,2022-06-27,2028-08-09,6735
1840,186,14,2023-09-17,2029-09-12,1570
1841,643,93,2021-12-17,2029-08-19,8812
1842,273,18,2021-05-02,2027-12-15,1118
1843,775,51,2022-08-23,2029-03-03,5736
1844,348,65,2020-11-05,2028-10-16,5572
1845,558,19,2021-02-01,2027-11-05,4336
1846,973,31,2022-11-15,2027-10-22,5970
1847,705,3,2024-06-10,2024-10-30,8040
1848,646,34,2022-04-11,2024-11-18,1982
1849,136,59,2024-01-05,2028-06-27,2466
1850,197,89,2019-11-28,2026-08-03,9844
1851,518,25,2023-05-31,2029-08-26,5385
1852,466,51,2024-05-23,2029-04-28,9877
1853,525,21,2020-05-13,2024-11-12,7865
1854,664,98,2023-06-04,2025-07-27,2564
1855,875,92,2022-11-05,2027-09-09,6875
1856,71,99,2022-11-01,2026-04-09,6691
1857,866,88,2024-04-16,2025-03-12,8105
1858,399,40,2022-02-02,2027-01-06,4809
1859,742,43,2020-11-30,2028-04-07,1310
1860,683,67,2019-10-19,2025-05-29,5875
1861,195,13,2023-04-14,2026-03-13,7480
1862,757,59,2023-03-02,2028-03-19,8743
1863,272,44,2021-06-29,2025-07-21,1066
1864,359,7,2022-09-13,2025-08-12,7742
1865,459,39,2024-07-17,2029-07-17,9032
1866,450,25,2023-07-12,2028-05-26,9494
1867,970,6,2021-11-09,2027-09-20,9587
1868,233,40,2019-12-05,2026-02-23,8021
1869,613,59,2022-07-24,2025-01-04,9542
1870,448,81,2020-07-01,2025-06-28,2631
1871,700,72,2023-12-04,2025-12-06,6476
1872,201,98,2023-10-19,2027-12-12,4005
1873,252,76,2022-01-16,2028-06-01,9982
1874,514,4,2021-04-17,2025-04-29,9097
1875,623,4,2021-12-12,2026-06-21,2538
1876,719,71,2020-07-29,2025-07-29,8457
1877,630,82,2020-10-29,2025-08-18,5190
1878,401,7,2020-03-11,2027-10-12,3993
1879,748,0,2023-12-19,2026-04-01,2038
1880,840,74,2023-05-27,2029-07-18,1567
1881,24,61,2022-06-20,2027-02-03,4375
1882,283,78,2021-02-13,2028-04-18,6693
1883,66,96,2020-08-09,2028-05-22,5747
1884,804,1,2021-06-27,2027-04-19,2937
1885,776,17,2021-07-08,2029-04-29,6538
1886,124,87,2019-12-29,2029-03-28,2610
1887,675,74,2022-01-31,2026-05-21,9506
1888,671,74,2020-12-06,2025-04-23,4028
1889,669,68,2020-07-24,2027-09-23,4186
1890,169,41,2020-04-28,2024-12-02,9902
1891,449,44,2019-11-30,2025-06-25,3580
1892,482,20,2023-10-06,2028-01-02,3097
1893,960,43,2021-08-15,2025-03-18,5444
1894,669,98,2021-01-17,2027-01-06,1986
1895,250,60,2022-10-15,2026-12-24,4394
1896,626,18,2020-08-19,2026-01-16,3892
1897,688,94,2020-03-25,2024-11-09,8128
1898,899,2,2022-01-24,2028-01-10,9144
1899,785,63,2023-11-14,2028-04-15,5216
1900,719,9,2022-10-09,2025-02-03,1171
1901,791,40,2022-12-05,2025-01-14,8714
1902,165,77,2021-09-21,2028-04-10,4270
1903,148,94,2024-02-08,2029-05-17,7164
1904,943,80,2020-10-08,2025-06-14,1219
1905,127,31,2021-05-21,2026-11-25,9261
1906,826,49,2023-04-27,2028-03-19,3175
1907,75,95,2019-11-18,2027-11-25,1977
1908,104,67,2023-04-18,2029-02-24,4781
1909,223,82,2023-08-18,2025-03-26,9279
1910,534,19,2022-07-01,2026-10-03,7312
1911,495,51,2024-06-22,2025-09-27,7796
1912,740,64,2020-03-29,2027-05-22,9984
1913,681,73,2022-12-10,2027-08-15,5900
1914,847,68,2020-06-18,2025-02-16,6266
1915,332,68,2020-11-13,2026-07-13,7383
1916,958,76,2023-07-31,2027-09-22,2098
1917,390,65,2021-02-08,2027-11-15,3954
1918,735,73,2021-11-09,2026-05-28,2839
1919,469,62,2021-10-06,2026-07-09,8487
1920,803,76,2023-05-02,2026-11-02,4562
1921,793,13,2023-07-25,2024-12-08,4457
1922,344,60,2021-07-12,2027-01-30,8305
1923,536,67,2020-05-20,2028-12-25,4376
1924,264,37,2021-04-22,2029-10-03,3704
1925,436,26,2022-12-04,2028-05-16,8077
1926,230,39,2023-05-14,2025-06-21,9450
1927,442,28,2021-06-05,2025-02-24,9750
1928,131,93,2023-08-25,2027-12-05,6963
1929,638,65,2020-01-22,2028-06-19,6942
1930,367,54,2020-09-19,2026-03-31,5757
1931,629,20,2022-11-09,2027-05-08,3185
1932,954,43,2024-08-22,2024-10-17,3146
1933,593,9,2022-03-30,2029-07-16,4995
1934,386,0,2021-11-03,2027-01-18,7868
1935,39,63,2022-11-23,2027-07-13,5298
1936,673,57,2019-11-16,2028-01-31,2039
1937,51,28,2021-12-01,2027-06-15,9943
1938,522,88,2023-03-03,2025-10-26,2043
1939,674,15,2023-07-23,2028-12-04,8689
1940,808,23,2020-08-13,2025-12-04,6721
1941,205,18,2020-03-21,2025-12-31,6313
1942,441,89,2020-02-02,2025-04-09,3455
1943,472,69,2020-12-23,2027-01-11,2272
1944,225,66,2020-12-23,2027-11-07,4941
1945,346,53,2019-12-09,2027-08-02,9536
1946,275,65,2020-10-16,2029-09-04,4502
1947,405,51,2022-09-27,2025-11-27,7343
1948,132,59,2019-11-21,2026-11-12,6826
1949,5,23,2022-12-07,2028-02-06,6119
1950,436,52,2023-12-12,2026-06-29,5436
1951,159,32,2024-08-10,2024-11-19,1666
1952,239,62,2023-02-07,2025-04-23,3578
1953,440,52,2024-08-14,2027-08-30,9879
1954,285,68,2021-02-14,2026-09-01,1015
1955,334,54,2021-11-27,2025-08-16,2218
1956,800,62,2020-01-17,2026-06-25,9306
1957,296,74,2022-08-13,2025-01-26,7855
1958,668,1,2023-03-04,2027-12-30,6900
1959,39,41,2024-06-06,2026-03-01,3827
1960,171,52,2020-06-13,2024-12-13,6163
1961,511,29,2023-07-22,2025-12-03,5095
1962,847,7,2022-11-15,2026-09-11,4293
1963,60,60,2023-08-04,2026-02-07,5564
1964,539,69,2024-01-21,2029-07-25,7218
1965,166,52,2023-04-30,2026-03-27,8979
1966,998,72,2021-08-07,2025-04-23,6819
1967,695,65,2023-10-05,2028-07-15,1329
1968,152,11,2020-04-23,2026-08-18,5527
1969,260,36,2022-09-26,2027-01-26,4214
1970,32,44,2020-07-10,2027-08-08,4485
1971,607,31,2023-05-02,2026-01-04,2250
1972,811,74,2024-05-02,2025-06-13,2018
1973,71,58,2021-06-13,2027-01-30,1709
1974,696,47,2021-04-02,2028-07-19,3732
1975,610,1,2022-10-18,2025-09-17,7862
1976,507,38,2020-07-14,2027-07-30,4819
1977,940,33,2024-09-19,2028-02-27,3092
1978,497,11,2023-06-11,2028-10-31,9191
1979,835,18,2021-02-06,2026-05-07,1010
1980,11,36,2020-07-21,2027-09-26,9983
1981,777,86,2022-04-13,2028-09-21,1070
1982,581,85,2024-05-15,2026-08-11,7295
1983,311,69,2022-09-14,2029-08-12,8495
1984,102,97,2019-12-02,2026-06-05,6534
1985,358,81,2019-12-08,2027-05-10,6955
1986,408,75,2024-03-17,2025-01-03,3660
1987,924,55,2020-01-24,2025-07-18,8432
1988,898,87,2022-10-22,2026-07-03,9461
1989,995,33,2023-12-12,2028-10-28,7184
1990,367,6,2023-01-01,2027-09-30,7314
1991,935,97,2020-10-28,2027-08-10,4311
1992,34,66,2021-07-10,2028-12-26,1610
1993,169,32,2023-06-15,2027-11-24,5046
1994,603,35,2020-07-18,2027-10-25,5773
1995,798,17,2024-07-16,2025-01-01,6618
1996,416,35,2020-03-16,2028-02-28,2654
1997,80,4,2023-01-02,2027-06-05,9033
1998,562,20,2022-04-04,2025-02-17,2636
1999,0,40,2023-03-02,2026-12-26,8378
