loan_id,client_id,loan_type,loan_amount,interest_rate,start_date,end_date
0,824,Personal,458398,5,2020-10-27,2025-03-20
1,140,Personal,434871,14,2020-05-29,2027-09-06
2,851,Auto,332972,3,2023-02-23,2027-10-22
3,525,Personal,310607,12,2024-05-13,2025-12-07
4,22,Auto,246856,11,2023-05-24,2025-10-13
5,237,Home,147470,3,2022-12-25,2025-07-16
6,443,Home,286692,14,2024-03-21,2029-07-14
7,325,Auto,18868,13,2021-07-20,2029-09-23
8,330,Auto,194948,8,2020-12-15,2026-04-22
9,753,Home,463766,12,2023-01-26,2029-01-06
10,326,Auto,29097,7,2024-04-09,2027-12-13
11,547,Home,174429,3,2023-12-26,2029-03-02
12,536,Auto,364264,3,2019-12-15,2028-08-12
13,852,Home,337789,8,2022-11-27,2028-12-10
14,400,Home,484952,12,2024-04-15,2027-01-28
15,413,Auto,232470,4,2022-07-28,2027-12-15
16,23,Home,83657,4,2020-01-26,2025-03-09
17,369,Auto,486655,8,2020-02-03,2024-10-11
18,860,Home,467827,4,2022-03-06,2027-12-03
19,210,Home,472674,7,2022-05-03,2025-01-30
20,760,Auto,435842,14,2020-12-01,2027-09-27
21,133,Home,385149,13,2023-04-28,2025-12-12
22,994,Auto,11243,12,2022-07-24,2026-04-18
23,52,Auto,80952,10,2020-07-10,2026-03-09
24,525,Home,429269,5,2023-02-17,2025-04-14
25,541,Home,349057,13,2021-03-03,2029-04-23
26,652,Auto,189665,10,2022-07-08,2028-05-23
27,976,Auto,398585,13,2022-12-04,2026-07-10
28,543,Auto,299803,12,2022-08-05,2026-11-09
29,158,Auto,309541,6,2022-04-30,2025-02-24
30,648,Personal,272876,14,2021-05-05,2028-11-26
31,625,Auto,98126,12,2020-09-18,2029-04-30
32,533,Personal,36817,8,2023-03-25,2027-05-15
33,740,Auto,433356,9,2021-09-29,2028-10-24
34,835,Home,44960,5,2022-02-07,2026-05-27
35,578,Home,482766,3,2022-03-07,2025-01-02
36,640,Auto,311577,11,2020-02-25,2026-06-12
37,179,Home,12514,11,2023-07-23,2025-06-21
38,668,Auto,491572,8,2023-07-19,2027-03-15
39,779,Auto,452899,7,2022-05-13,2029-03-18
40,415,Home,408057,13,2023-09-30,2025-10-14
41,563,Home,295526,3,2022-01-10,2027-12-13
42,782,Personal,311269,3,2020-07-02,2027-01-20
43,317,Home,461379,15,2021-04-30,2025-09-02
44,890,Home,61879,14,2021-12-30,2026-08-14
45,654,Auto,176742,8,2023-03-21,2025-10-13
46,780,Auto,17949,3,2024-05-09,2027-04-30
47,996,Auto,194771,12,2021-08-06,2026-02-11
48,258,Personal,286514,4,2023-03-26,2025-02-27
49,782,Home,61054,3,2024-08-10,2024-12-01
50,424,Personal,56869,6,2021-01-07,2025-01-11
51,467,Home,462235,7,2020-05-07,2027-01-17
52,158,Personal,336678,13,2021-07-22,2026-06-21
53,196,Home,451956,5,2020-03-24,2026-07-13
54,71,Auto,127763,12,2023-06-29,2029-03-07
55,504,Personal,156730,5,2022-09-24,2027-06-24
56,514,Personal,118894,9,2021-03-07,2026-02-09
57,803,Personal,210073,10,2021-05-02,2025-10-11
58,331,Auto,15622,8,2021-11-11,2029-03-05
59,333,Auto,104685,13,2021-02-12,2027-01-02
60,629,Home,438968,11,2020-03-21,2026-03-26
61,39,Home,69203,15,2020-07-11,2026-09-28
62,352,Home,270241,14,2020-02-03,2027-03-28
63,355,Personal,139697,11,2022-05-28,2026-11-13
64,47,Personal,426270,14,2024-07-14,2024-12-01
65,776,Personal,100778,7,2020-02-02,2027-06-29
66,344,Home,318160,6,2023-11-23,2029-07-02
67,661,Home,420222,15,2024-09-08,2029-07-08
68,148,Personal,83978,10,2020-12-21,2026-11-22
69,64,Auto,189687,8,2023-05-12,2025-02-27
70,266,Home,156794,5,2021-10-09,2027-12-01
71,145,Personal,252373,11,2023-05-03,2025-10-31
72,753,Auto,112059,14,2024-05-18,2027-10-26
73,678,Personal,91461,8,2021-02-11,2028-05-17
74,776,Auto,295534,4,2020-04-22,2027-03-03
75,518,Personal,423636,13,2022-05-27,2025-02-11
76,999,Auto,106351,15,2023-11-05,2026-11-06
77,843,Personal,466149,6,2023-07-13,2028-08-25
78,622,Auto,50977,3,2024-07-12,2028-05-12
79,982,Auto,491774,5,2024-08-28,2028-02-10
80,255,Auto,83902,12,2023-04-05,2028-11-12
81,97,Personal,285245,5,2020-05-25,2029-09-17
82,115,Personal,352413,14,2020-11-08,2026-06-02
83,963,Home,334339,7,2023-08-23,2025-03-08
84,860,Home,376272,13,2022-08-31,2028-10-09
85,877,Home,295647,7,2023-03-08,2028-03-11
86,707,Personal,89484,9,2023-10-04,2025-09-22
87,567,Personal,354352,7,2019-11-19,2025-11-13
88,491,Personal,355939,15,2022-07-24,2025-04-06
89,846,Home,203934,8,2021-11-05,2026-03-02
90,809,Personal,144025,13,2022-12-30,2026-04-19
91,829,Personal,119915,8,2022-06-06,2025-09-26
92,776,Personal,401961,7,2020-12-15,2027-08-19
93,162,Auto,172271,15,2023-02-25,2028-06-10
94,900,Home,134285,4,2020-12-21,2029-09-12
95,976,Personal,86820,7,2024-01-27,2025-04-02
96,692,Auto,197942,9,2019-12-05,2026-10-09
97,398,Personal,272510,13,2023-04-09,2029-03-20
98,677,Home,201828,12,2022-08-28,2028-04-24
99,594,Personal,436984,11,2021-08-17,2024-10-19
100,560,Home,30834,7,2023-02-13,2025-12-29
101,188,Auto,111835,5,2024-09-20,2026-06-25
102,169,Auto,77952,14,2021-04-17,2026-12-31
103,802,Auto,471197,14,2023-09-27,2028-12-13
104,839,Auto,221258,14,2021-11-13,2024-11-10
105,109,Auto,427166,9,2021-11-17,2028-07-02
106,228,Auto,395262,3,2021-08-15,2028-11-29
107,76,Home,487012,11,2024-04-05,2026-08-13
108,891,Auto,93053,7,2023-08-27,2027-01-06
109,48,Home,238818,8,2020-09-08,2027-11-18
110,845,Personal,389104,4,2022-12-02,2028-11-24
111,265,Auto,90114,14,2023-11-09,2025-12-24
112,629,Auto,111759,13,2020-10-02,2027-01-07
113,95,Home,325508,7,2024-03-01,2026-01-07
114,392,Home,387027,8,2023-05-31,2026-12-06
115,563,Personal,300872,6,2023-02-01,2028-09-24
116,576,Home,248198,8,2021-07-18,2026-05-14
117,723,Auto,131300,9,2021-02-17,2024-11-18
118,468,Personal,30354,14,2024-05-19,2026-06-10
119,933,Home,38386,12,2022-09-12,2025-02-11
120,19,Home,179115,10,2020-12-25,2027-04-07
121,834,Home,359143,3,2024-01-24,2026-04-25
122,65,Home,122124,15,2021-03-05,2026-04-05
123,904,Personal,84233,7,2022-09-30,2025-05-27
124,928,Home,76771,3,2023-12-02,2027-12-19
125,591,Auto,458043,3,2022-12-01,2028-05-04
126,856,Home,105891,11,2022-02-24,2026-10-20
127,605,Auto,169165,3,2022-06-13,2025-10-15
128,425,Home,63921,3,2021-08-04,2026-06-13
129,82,Auto,381212,6,2020-07-07,2025-09-16
130,922,Auto,401764,6,2022-01-18,2027-05-09
131,595,Auto,99022,3,2019-10-17,2025-09-22
132,544,Home,250176,7,2020-04-06,2029-06-20
133,219,Auto,474526,10,2022-09-01,2026-11-18
134,658,Personal,119522,12,2019-11-25,2028-07-22
135,486,Auto,50735,14,2024-06-09,2026-04-20
136,288,Personal,145720,11,2022-01-25,2026-09-22
137,918,Personal,264631,15,2024-05-27,2028-09-20
138,247,Personal,343054,4,2022-08-16,2028-07-28
139,41,Home,402600,13,2019-11-20,2025-06-10
140,741,Personal,358707,6,2020-08-10,2028-03-14
141,892,Home,416394,12,2022-01-01,2026-10-28
142,472,Personal,394347,15,2022-01-27,2027-07-02
143,548,Personal,463129,13,2021-06-07,2028-06-01
144,331,Auto,129511,7,2024-09-12,2028-08-03
145,622,Personal,141114,6,2020-02-12,2025-12-21
146,691,Home,115175,14,2022-03-04,2028-02-28
147,530,Home,398061,13,2022-03-08,2027-10-13
148,426,Personal,105228,10,2022-04-11,2026-12-13
149,0,Auto,238150,6,2023-09-13,2026-01-22
150,701,Auto,64405,3,2024-06-10,2029-04-19
151,348,Home,300598,11,2021-10-07,2027-05-03
152,178,Personal,356032,9,2021-07-27,2026-05-11
153,915,Home,116528,5,2024-09-04,2029-02-28
154,291,Auto,10937,12,2023-08-23,2025-07-23
155,712,Auto,166303,15,2019-11-18,2026-08-21
156,805,Home,147475,4,2024-06-02,2025-07-17
157,23,Personal,58830,11,2020-06-04,2025-12-04
158,67,Home,50753,11,2020-02-13,2026-12-03
159,425,Personal,169898,5,2021-11-19,2029-08-12
160,694,Home,438778,10,2019-11-20,2029-01-06
161,856,Personal,475580,15,2022-05-22,2024-12-11
162,910,Home,359839,11,2024-06-04,2026-08-28
163,385,Auto,169250,12,2021-12-26,2026-09-21
164,734,Home,191033,10,2022-07-01,2027-05-20
165,136,Personal,394028,13,2019-12-09,2025-02-20
166,327,Auto,314668,9,2019-10-17,2027-04-26
167,331,Auto,293655,13,2023-11-13,2028-12-31
168,834,Auto,163271,6,2020-03-16,2028-10-13
169,498,Auto,63614,8,2021-05-15,2029-05-24
170,871,Home,362030,7,2024-08-12,2026-04-16
171,675,Personal,437532,3,2022-12-04,2024-10-27
172,218,Home,79163,15,2020-05-07,2025-07-15
173,437,Home,470832,8,2020-08-14,2029-04-02
174,904,Personal,320259,13,2023-11-06,2025-11-23
175,442,Auto,26808,13,2020-06-01,2028-04-13
176,916,Personal,432089,14,2022-05-26,2029-05-12
177,210,Personal,372296,12,2021-01-04,2027-08-17
178,733,Auto,47608,6,2022-01-06,2028-04-08
179,939,Home,261442,8,2024-02-15,2024-11-24
180,300,Personal,159282,15,2022-09-28,2028-11-16
181,157,Auto,122335,14,2024-09-29,2024-11-11
182,653,Auto,214622,4,2021-11-24,2027-02-09
183,460,Personal,175254,4,2020-09-24,2027-12-30
184,682,Personal,14153,5,2021-01-16,2028-10-23
185,529,Auto,144306,15,2022-09-29,2027-11-18
186,228,Auto,39201,14,2023-08-21,2027-02-16
187,103,Home,235176,6,2024-05-01,2026-03-12
188,177,Personal,448055,7,2023-09-04,2027-04-18
189,233,Personal,385939,14,2020-03-16,2028-08-03
190,543,Home,81591,7,2022-10-18,2025-03-07
191,703,Auto,207640,10,2020-06-28,2029-05-05
192,547,Home,147652,14,2022-04-22,2024-12-11
193,303,Personal,192818,10,2023-04-10,2028-07-19
194,477,Personal,93281,7,2024-02-19,2028-03-17
195,59,Personal,359516,6,2021-01-31,2026-11-02
196,518,Home,70460,15,2021-02-04,2026-04-16
197,187,Home,117253,4,2020-04-10,2025-09-27
198,990,Home,222811,12,2020-08-28,2028-05-10
199,567,Auto,58109,9,2020-07-16,2029-07-19
200,744,Personal,376157,15,2023-08-06,2025-03-24
201,437,Home,164184,14,2023-09-04,2026-05-13
202,757,Personal,331917,4,2022-06-21,2025-11-30
203,167,Auto,392853,12,2023-04-02,2026-10-04
204,521,Auto,345412,5,2022-07-28,2026-05-20
205,293,Home,421566,12,2020-09-18,2027-03-05
206,84,Personal,358382,7,2019-12-21,2027-12-26
207,945,Personal,203330,15,2023-08-10,2027-12-05
208,228,Home,350527,4,2024-05-16,2028-09-29
209,498,Auto,270409,8,2021-11-10,2027-09-22
210,450,Personal,394572,4,2024-08-10,2027-02-12
211,849,Home,190827,9,2019-10-05,2027-10-11
212,324,Personal,184487,9,2024-02-03,2026-05-11
213,895,Auto,456592,14,2020-11-22,2029-08-22
214,624,Home,311211,8,2024-08-24,2027-03-27
215,992,Personal,306147,12,2023-09-18,2025-04-19
216,163,Home,351301,6,2020-10-27,2029-08-20
217,375,Auto,397680,11,2021-08-03,2029-01-11
218,847,Auto,250489,7,2022-06-19,2028-06-03
219,195,Home,62824,6,2020-12-13,2026-03-11
220,23,Personal,60801,5,2022-09-06,2028-09-28
221,329,Personal,122306,15,2021-12-07,2029-02-21
222,571,Auto,438030,10,2020-08-24,2027-07-03
223,973,Home,326905,15,2021-03-14,2026-11-20
224,515,Personal,39653,14,2024-02-23,2026-11-30
225,936,Home,34452,11,2021-01-25,2028-01-22
226,220,Personal,53672,6,2020-05-24,2026-04-13
227,326,Home,246845,14,2024-02-11,2027-02-06
228,302,Auto,248806,13,2020-11-06,2028-12-25
229,424,Personal,196765,15,2020-12-07,2029-06-21
230,252,Home,408968,4,2023-02-24,2027-04-20
231,998,Personal,453523,4,2022-09-30,2029-07-20
232,499,Auto,57522,15,2020-04-28,2025-06-06
233,533,Personal,412883,13,2021-09-25,2028-01-03
234,591,Home,226733,7,2021-08-07,2028-10-17
235,622,Home,310468,7,2022-02-19,2027-09-21
236,243,Personal,349951,9,2021-03-14,2029-03-08
237,409,Personal,362759,4,2024-06-22,2028-05-28
238,544,Home,42212,14,2022-08-07,2027-07-16
239,85,Auto,277664,12,2021-08-10,2028-06-16
240,240,Home,16565,14,2022-06-10,2028-12-12
241,46,Personal,285509,8,2020-10-29,2028-11-17
242,22,Personal,337739,3,2022-04-14,2024-11-20
243,565,Personal,406518,12,2021-10-24,2025-08-13
244,640,Home,129296,13,2021-02-20,2026-06-09
245,767,Personal,429035,14,2024-06-28,2026-07-04
246,543,Home,289022,4,2021-09-11,2026-08-26
247,897,Auto,355530,10,2023-11-11,2029-05-31
248,48,Personal,212891,10,2021-06-06,2026-11-19
249,106,Auto,176202,13,2022-08-29,2029-06-03
250,634,Personal,123013,4,2022-05-08,2026-08-31
251,433,Auto,386064,8,2024-08-26,2027-08-20
252,83,Personal,31278,15,2023-04-25,2027-04-09
253,955,Home,288813,6,2024-01-17,2026-04-16
254,185,Personal,232056,15,2024-06-14,2027-03-04
255,90,Auto,196057,9,2022-11-09,2029-07-28
256,41,Personal,244828,6,2021-02-16,2026-04-17
257,443,Personal,264017,10,2023-11-15,2027-05-26
258,183,Auto,87206,14,2022-08-25,2027-04-16
259,648,Home,265486,6,2023-08-23,2024-11-23
260,680,Auto,104575,12,2024-09-04,2026-12-05
261,472,Auto,242949,7,2022-12-14,2026-08-23
262,978,Auto,405577,7,2020-01-11,2029-03-27
263,537,Personal,218813,3,2021-01-01,2026-10-25
264,728,Personal,226510,6,2020-07-02,2026-04-20
265,621,Auto,245200,8,2020-10-03,2026-06-18
266,798,Personal,21599,8,2022-12-16,2028-02-17
267,424,Home,447358,7,2020-06-29,2027-02-08
268,931,Personal,282552,14,2024-06-10,2026-05-17
269,702,Personal,105346,11,2020-07-06,2025-05-01
270,988,Auto,205888,11,2022-07-15,2026-10-06
271,125,Home,465405,12,2022-04-12,2025-09-09
272,646,Home,361847,4,2020-11-02,2026-07-14
273,261,Personal,484912,13,2023-06-11,2026-02-04
274,11,Personal,443006,5,2024-06-07,2029-05-07
275,689,Personal,328681,12,2022-05-25,2028-06-02
276,289,Auto,52904,13,2019-11-30,2028-08-16
277,441,Personal,493438,14,2023-12-31,2024-11-16
278,280,Personal,394944,6,2021-07-19,2026-12-02
279,608,Home,395557,14,2024-03-25,2029-07-17
280,827,Personal,205726,5,2022-01-03,2028-11-05
281,196,Personal,337026,11,2023-07-03,2028-05-11
282,649,Personal,197173,15,2021-01-03,2025-06-20
283,606,Home,84257,5,2023-08-01,2028-03-04
284,688,Home,408862,11,2020-01-06,2029-03-31
285,335,Personal,57337,10,2020-06-18,2025-04-17
286,795,Personal,249832,9,2023-02-10,2028-07-01
287,630,Auto,349570,15,2024-05-14,2026-05-30
288,209,Home,218887,15,2021-03-09,2025-04-05
289,739,Auto,397272,3,2022-09-15,2027-07-15
290,959,Home,208137,7,2020-04-30,2027-10-19
291,912,Auto,169018,6,2020-10-27,2026-11-10
292,758,Personal,298189,7,2019-11-28,2028-07-09
293,671,Personal,427705,12,2023-05-14,2029-06-11
294,177,Auto,382374,8,2021-05-17,2026-07-02
295,947,Auto,122571,3,2021-01-16,2029-04-07
296,922,Home,286931,6,2019-11-22,2027-03-27
297,931,Home,147176,10,2023-12-20,2025-10-16
298,831,Auto,308109,5,2023-03-03,2025-01-09
299,806,Personal,313103,7,2020-12-25,2027-11-06
300,664,Home,219066,15,2021-02-05,2027-07-22
301,595,Auto,34368,8,2021-04-02,2029-02-20
302,830,Personal,480590,11,2021-09-15,2027-10-18
303,242,Auto,12281,12,2024-01-26,2026-10-17
304,818,Personal,259937,15,2022-08-14,2029-08-24
305,448,Home,225757,13,2023-02-26,2026-07-23
306,55,Auto,368752,8,2023-08-30,2024-11-24
307,622,Personal,88346,14,2022-12-10,2026-07-04
308,279,Auto,249462,11,2022-09-13,2028-04-05
309,722,Auto,35995,5,2022-11-24,2025-03-06
310,89,Home,403527,8,2021-12-23,2025-08-20
311,939,Auto,285245,13,2019-11-05,2027-02-07
312,953,Personal,400322,11,2024-09-23,2028-11-13
313,267,Personal,497599,14,2021-10-26,2024-12-01
314,610,Auto,310020,5,2020-03-23,2029-04-04
315,98,Home,26961,3,2022-08-18,2026-09-02
316,72,Personal,438345,11,2021-07-10,2026-04-12
317,909,Auto,219985,12,2021-11-03,2028-04-19
318,123,Personal,102750,11,2020-06-06,2025-11-17
319,549,Auto,257999,15,2020-05-24,2028-08-26
320,785,Personal,68384,5,2021-09-14,2028-09-23
321,300,Personal,488316,11,2020-03-08,2027-01-04
322,698,Home,94706,15,2021-10-09,2026-04-20
323,640,Home,429830,7,2022-11-03,2029-04-20
324,62,Auto,248347,12,2024-01-25,2027-03-18
325,381,Auto,293172,13,2021-06-10,2024-11-21
326,426,Personal,86998,5,2022-10-18,2026-04-01
327,373,Home,18653,4,2021-09-10,2029-05-05
328,29,Home,404878,6,2021-04-01,2028-01-23
329,727,Auto,117879,14,2023-11-23,2029-08-02
330,724,Personal,478083,13,2023-11-18,2026-10-30
331,169,Home,449673,6,2023-10-08,2028-04-27
332,918,Personal,303261,13,2023-10-22,2028-12-20
333,284,Home,278044,13,2020-11-18,2026-11-19
334,148,Personal,445208,6,2022-06-30,2027-10-29
335,47,Home,122046,14,2021-11-20,2026-04-13
336,600,Auto,196043,12,2021-04-09,2026-01-01
337,974,Auto,219968,9,2021-01-10,2026-07-21
338,874,Home,106775,15,2023-10-19,2027-10-29
339,210,Auto,289795,4,2023-02-22,2026-12-17
340,963,Home,60234,4,2024-03-23,2027-08-19
341,591,Home,231824,15,2023-05-08,2027-10-06
342,49,Auto,367868,12,2021-01-16,2026-11-08
343,405,Personal,153237,7,2022-04-09,2029-02-15
344,50,Personal,92358,14,2020-07-10,2027-10-28
345,899,Personal,108561,12,2023-07-20,2025-11-13
346,275,Home,247870,4,2021-07-08,2029-03-18
347,193,Home,121523,13,2020-04-22,2029-03-28
348,468,Home,79452,14,2024-06-23,2026-06-25
349,980,Auto,207354,12,2021-03-29,2025-06-09
350,240,Personal,305421,12,2020-05-14,2029-05-25
351,737,Personal,196261,12,2020-03-21,2025-11-14
352,382,Home,40612,6,2022-03-09,2027-01-06
353,876,Auto,71959,6,2019-11-18,2028-03-03
354,172,Home,97353,13,2021-01-25,2026-08-28
355,724,Personal,284710,15,2024-02-26,2025-04-02
356,986,Personal,370314,8,2024-01-27,2029-01-17
357,444,Auto,132127,11,2022-01-20,2027-01-10
358,517,Home,248867,14,2020-01-06,2028-05-29
359,56,Personal,421138,6,2021-07-15,2026-09-21
360,938,Auto,30574,4,2023-05-23,2027-06-10
361,749,Personal,156009,10,2020-07-11,2029-03-20
362,138,Auto,38441,4,2021-10-02,2025-02-07
363,114,Personal,461817,9,2020-08-28,2026-05-09
364,896,Home,395620,9,2022-04-29,2028-07-11
365,503,Personal,208632,13,2024-09-04,2029-01-27
366,533,Personal,434403,7,2023-10-02,2029-09-12
367,939,Auto,398254,11,2022-12-31,2024-12-01
368,58,Auto,249364,3,2020-03-17,2025-04-26
369,950,Personal,408034,5,2022-10-20,2028-06-11
370,36,Home,163080,12,2021-09-23,2027-06-10
371,680,Auto,185977,10,2020-05-25,2028-07-01
372,915,Home,303542,4,2020-06-22,2027-01-17
373,814,Home,385664,12,2021-10-01,2027-02-12
374,626,Personal,212276,10,2023-01-01,2028-08-07
375,902,Home,158690,12,2023-04-02,2027-03-27
376,540,Home,161369,4,2022-12-11,2027-07-10
377,83,Home,233488,12,2024-03-18,2028-01-09
378,559,Personal,163266,4,2020-07-04,2029-02-12
379,290,Home,86103,6,2024-03-21,2027-06-07
380,975,Personal,276562,9,2024-02-01,2027-11-06
381,273,Personal,450768,7,2023-03-29,2027-01-05
382,550,Home,76756,14,2021-03-25,2028-04-27
383,484,Home,218601,10,2020-02-04,2027-02-18
384,469,Auto,192094,12,2020-06-25,2029-08-16
385,636,Auto,312207,15,2020-09-26,2025-09-14
386,424,Auto,319911,10,2022-11-07,2029-04-10
387,775,Auto,275630,8,2022-06-10,2029-08-01
388,195,Auto,485818,10,2023-11-08,2029-04-02
389,374,Personal,190001,9,2020-02-05,2028-02-06
390,181,Personal,142159,3,2019-11-26,2024-12-31
391,855,Home,242236,4,2020-12-18,2028-05-30
392,880,Auto,184639,14,2024-02-27,2028-03-10
393,759,Personal,174637,10,2024-09-12,2026-01-22
394,4,Personal,371438,13,2022-02-09,2027-08-04
395,162,Home,210653,6,2024-06-03,2025-09-21
396,431,Auto,273258,5,2022-01-04,2027-09-25
397,781,Home,150008,6,2022-01-29,2026-08-03
398,713,Auto,277551,13,2023-02-08,2026-09-26
399,490,Home,191684,7,2024-04-23,2027-02-10
400,782,Personal,310088,14,2022-12-12,2026-04-18
401,838,Home,226193,8,2020-02-03,2026-02-25
402,34,Auto,406588,11,2023-08-13,2027-12-31
403,304,Home,104209,13,2021-06-20,2029-04-13
404,771,Home,243256,10,2023-08-27,2027-01-30
405,467,Auto,12171,4,2022-07-04,2029-03-05
406,665,Personal,434646,4,2024-01-15,2025-10-12
407,730,Auto,127398,7,2024-08-17,2026-01-21
408,827,Auto,57076,4,2021-05-23,2025-09-04
409,231,Home,14930,3,2024-01-01,2026-10-11
410,652,Personal,309405,7,2023-01-20,2026-09-23
411,474,Personal,444098,5,2021-05-08,2025-01-08
412,402,Auto,201559,15,2022-01-16,2026-04-09
413,97,Home,118548,11,2022-05-29,2028-08-24
414,187,Personal,111059,5,2019-11-07,2027-03-01
415,807,Personal,492202,10,2022-07-27,2028-03-04
416,215,Personal,415063,7,2023-04-22,2028-10-12
417,643,Auto,445777,3,2022-03-06,2029-01-29
418,808,Home,76806,14,2024-05-31,2026-09-01
419,813,Home,147318,3,2022-03-26,2025-04-27
420,744,Auto,113258,10,2021-05-18,2025-01-19
421,734,Home,360776,5,2020-02-12,2029-05-21
422,423,Personal,63032,7,2024-09-14,2027-10-05
423,990,Personal,395056,12,2020-03-12,2029-06-23
424,813,Auto,452183,13,2020-04-01,2026-10-16
425,106,Auto,439418,3,2020-10-03,2029-05-06
426,679,Auto,58617,7,2023-04-30,2028-12-22
427,848,Home,199278,3,2024-01-14,2028-04-01
428,342,Auto,75371,10,2024-05-23,2026-11-03
429,560,Auto,222684,15,2023-09-25,2028-12-23
430,202,Home,304632,13,2024-08-09,2025-11-17
431,36,Home,394915,9,2022-12-17,2026-03-04
432,393,Personal,54587,5,2021-01-23,2028-08-14
433,142,Auto,113999,7,2022-06-19,2028-02-23
434,858,Personal,266331,6,2023-03-14,2026-10-04
435,860,Auto,16069,13,2023-07-19,2027-06-20
436,49,Home,382244,9,2019-10-14,2027-09-28
437,669,Home,217793,7,2021-03-17,2029-06-17
438,934,Home,214261,3,2021-05-05,2028-01-26
439,355,Auto,146620,4,2019-11-30,2025-08-18
440,565,Auto,472625,4,2023-03-23,2026-08-29
441,457,Auto,31585,3,2022-02-13,2029-06-09
442,215,Personal,467678,3,2022-06-10,2026-10-03
443,795,Personal,222058,8,2021-02-16,2024-12-16
444,626,Personal,380804,13,2020-12-29,2025-07-09
445,992,Home,22531,14,2022-11-04,2029-05-08
446,365,Home,210738,13,2022-03-17,2025-01-30
447,455,Home,328813,6,2024-09-28,2025-01-08
448,384,Home,80510,8,2023-02-19,2025-11-28
449,894,Auto,45522,3,2024-05-30,2028-04-10
450,457,Personal,468085,9,2024-09-10,2028-12-13
451,151,Home,402090,12,2020-09-12,2027-02-12
452,669,Home,17850,6,2020-04-18,2027-03-19
453,207,Personal,88731,5,2023-04-21,2025-03-04
454,747,Personal,122925,13,2020-01-05,2026-11-23
455,192,Auto,253389,13,2020-02-02,2024-12-31
456,252,Auto,354750,9,2023-10-14,2026-06-18
457,388,Auto,334896,11,2021-04-12,2024-11-30
458,419,Auto,105916,12,2021-03-18,2025-02-01
459,648,Auto,303430,9,2019-11-08,2025-04-16
460,280,Auto,401339,3,2021-09-02,2026-06-29
461,698,Home,17533,9,2020-06-11,2029-01-12
462,652,Personal,343038,3,2023-01-20,2028-01-06
463,55,Auto,20533,7,2020-03-14,2025-03-12
464,38,Personal,178300,12,2022-03-09,2029-05-04
465,241,Personal,17376,13,2023-09-10,2027-09-17
466,401,Personal,123923,8,2023-05-23,2028-05-12
467,38,Auto,260276,14,2023-10-28,2026-10-09
468,96,Personal,360318,13,2020-10-18,2027-06-25
469,797,Home,44267,5,2020-01-18,2026-07-15
470,865,Personal,23102,15,2021-02-16,2025-04-02
471,383,Auto,447619,10,2022-07-18,2027-07-12
472,265,Auto,422814,6,2020-12-18,2025-08-29
473,201,Auto,300564,13,2020-11-19,2026-01-29
474,186,Personal,403826,4,2020-10-22,2025-10-10
475,810,Auto,47901,14,2022-04-27,2028-01-15
476,319,Personal,295740,6,2021-05-31,2027-12-24
477,595,Home,25345,5,2024-09-16,2028-05-25
478,779,Auto,283563,12,2022-05-14,2026-07-25
479,533,Auto,244353,14,2020-03-15,2029-06-11
480,297,Personal,53482,13,2024-04-13,2026-09-16
481,353,Personal,471405,3,2023-06-13,2025-12-03
482,423,Personal,198149,5,2022-02-24,2025-02-08
483,2,Auto,266828,4,2022-10-30,2027-12-20
484,386,Home,40432,15,2022-05-11,2028-04-18
485,826,Personal,437768,14,2024-05-14,2025-01-27
486,772,Home,31906,12,2024-07-22,2026-01-07
487,285,Home,105940,11,2023-07-24,2028-07-04
488,238,Auto,197274,5,2023-03-19,2025-05-20
489,463,Personal,323425,9,2020-09-22,2025-12-11
490,381,Auto,12653,15,2024-05-23,2028-04-27
491,524,Personal,230566,14,2024-05-16,2026-11-26
492,691,Personal,411059,3,2023-03-12,2028-12-03
493,391,Home,25549,5,2021-01-10,2027-03-03
494,341,Auto,103558,12,2024-03-15,2026-08-29
495,550,Auto,412179,9,2020-03-20,2029-05-27
496,493,Personal,122832,11,2023-10-04,2028-02-21
497,252,Personal,176306,5,2023-03-10,2028-10-06
498,629,Home,296992,8,2023-02-13,2027-04-26
499,562,Personal,473867,3,2022-01-28,2026-06-14
500,128,Home,329400,11,2022-11-27,2026-06-22
501,60,Auto,219767,3,2021-05-31,2027-11-27
502,668,Personal,394577,12,2019-10-07,2029-07-19
503,288,Home,441334,4,2024-06-10,2026-06-28
504,891,Home,412146,12,2020-08-09,2029-02-16
505,525,Home,173512,12,2021-06-03,2028-05-09
506,821,Home,294039,3,2023-04-12,2026-01-07
507,633,Home,268390,14,2020-07-03,2029-03-08
508,175,Auto,162311,7,2023-09-03,2027-12-25
509,246,Auto,61027,4,2019-10-04,2025-10-26
510,624,Home,422559,8,2023-03-11,2027-09-10
511,310,Auto,384599,8,2020-07-07,2026-08-24
512,235,Auto,219265,11,2021-06-30,2026-10-22
513,357,Auto,47155,7,2023-08-31,2027-09-07
514,629,Home,49365,3,2021-09-17,2025-10-02
515,710,Personal,101037,6,2021-01-22,2027-06-23
516,958,Personal,445989,14,2022-10-29,2025-09-18
517,136,Auto,492601,14,2023-06-03,2027-03-23
518,748,Auto,430198,5,2021-05-02,2028-02-18
519,162,Home,372926,9,2021-12-20,2026-12-30
520,44,Auto,143767,15,2020-04-14,2029-01-08
521,636,Personal,417356,3,2022-03-19,2029-09-12
522,521,Personal,469418,7,2024-09-21,2026-05-29
523,22,Home,411304,3,2023-11-05,2029-08-19
524,312,Home,456923,3,2020-07-26,2025-12-31
525,781,Personal,117376,8,2024-08-13,2028-03-29
526,228,Home,164838,12,2024-07-25,2028-10-13
527,751,Auto,470785,12,2020-09-20,2029-08-03
528,177,Home,284306,8,2023-11-12,2025-08-03
529,260,Home,336810,10,2021-04-02,2026-06-01
530,263,Auto,111313,8,2023-02-26,2028-08-03
531,946,Auto,447801,3,2021-12-08,2028-10-31
532,870,Auto,314326,6,2020-03-30,2027-03-06
533,898,Personal,168341,7,2022-04-20,2027-08-11
534,759,Personal,237112,5,2023-02-27,2026-07-24
535,363,Auto,208667,10,2020-05-03,2026-10-01
536,338,Personal,154869,12,2020-12-09,2026-12-11
537,778,Auto,113279,7,2019-10-27,2028-08-28
538,582,Home,432699,14,2021-09-23,2027-02-21
539,977,Auto,94591,11,2020-10-03,2025-07-17
540,509,Personal,240337,15,2021-01-24,2025-08-14
541,411,Personal,430770,3,2024-04-28,2029-02-14
542,341,Auto,277263,6,2024-01-27,2026-10-09
543,113,Personal,428278,15,2019-11-17,2024-10-23
544,184,Auto,406273,15,2024-09-14,2028-02-01
545,33,Auto,316309,3,2020-10-29,2026-05-07
546,708,Auto,267551,3,2022-10-12,2025-08-16
547,786,Auto,379428,7,2022-07-10,2028-09-15
548,872,Personal,96111,5,2021-11-08,2028-07-18
549,841,Home,442875,13,2021-06-20,2029-08-08
550,400,Personal,365334,13,2024-08-23,2027-09-16
551,157,Home,171752,13,2023-06-18,2028-09-26
552,630,Personal,266698,10,2022-04-11,2029-01-08
553,588,Personal,270865,13,2024-09-02,2026-05-15
554,345,Personal,474248,4,2020-01-17,2028-03-13
555,978,Personal,167702,5,2024-04-27,2027-09-03
556,161,Auto,455744,9,2022-12-08,2026-01-10
557,472,Personal,354128,10,2024-04-12,2029-06-18
558,883,Home,254219,12,2024-03-12,2025-09-23
559,801,Home,382944,4,2019-10-11,2028-01-14
560,861,Auto,241010,3,2022-09-10,2028-09-23
561,198,Auto,196989,8,2021-06-06,2026-11-23
562,905,Home,218953,6,2023-10-27,2024-11-25
563,58,Auto,431310,11,2023-07-22,2028-08-27
564,465,Auto,357667,5,2022-12-22,2025-09-29
565,475,Auto,40362,6,2020-02-01,2026-10-15
566,987,Personal,219034,14,2023-08-13,2026-11-08
567,564,Home,309560,10,2020-02-09,2025-03-09
568,503,Personal,317061,15,2023-12-08,2029-06-29
569,142,Auto,315434,3,2020-04-19,2028-10-02
570,953,Home,488162,11,2020-06-15,2026-03-30
571,539,Home,294656,4,2020-11-14,2028-02-11
572,584,Personal,429886,10,2021-09-29,2025-08-26
573,693,Personal,427154,6,2023-10-12,2029-08-27
574,292,Personal,250611,12,2023-05-04,2028-11-04
575,270,Home,92624,5,2024-04-14,2028-09-17
576,820,Auto,471863,9,2022-05-21,2027-10-30
577,380,Personal,192304,6,2021-03-15,2029-08-14
578,685,Personal,226445,6,2024-01-24,2025-05-03
579,393,Auto,362044,14,2024-08-11,2026-07-26
580,790,Personal,230071,7,2020-12-24,2029-05-04
581,657,Home,95117,3,2022-06-16,2026-03-10
582,883,Home,73170,11,2023-07-17,2029-05-22
583,644,Personal,295068,8,2024-08-25,2026-01-05
584,665,Home,159269,13,2024-07-28,2028-08-18
585,624,Personal,197683,7,2022-09-22,2029-02-07
586,552,Personal,253119,10,2020-09-15,2027-07-24
587,862,Personal,46695,6,2022-08-22,2025-06-26
588,371,Auto,283488,10,2020-10-05,2025-06-21
589,306,Home,323689,15,2021-11-23,2027-08-08
590,687,Personal,100754,5,2019-10-31,2028-06-19
591,640,Home,145361,6,2021-11-21,2029-09-12
592,225,Home,297354,11,2023-09-29,2027-05-27
593,103,Auto,116162,6,2021-03-19,2026-01-15
594,19,Auto,322443,8,2021-05-05,2026-08-20
595,763,Personal,237725,10,2020-12-11,2028-06-11
596,293,Home,192468,11,2020-09-01,2027-10-10
597,539,Personal,220228,8,2021-11-15,2029-08-06
598,814,Auto,17911,13,2024-05-10,2029-08-23
599,472,Auto,386355,4,2021-07-12,2029-02-12
600,256,Auto,344198,14,2022-01-04,2026-11-30
601,871,Auto,485993,14,2023-12-11,2025-08-04
602,114,Home,124034,15,2022-01-08,2027-08-10
603,646,Auto,409368,9,2022-03-10,2027-07-26
604,985,Auto,203792,15,2024-07-08,2026-01-11
605,331,Home,148536,7,2020-12-13,2024-12-16
606,969,Personal,189125,7,2023-02-13,2026-06-01
607,50,Auto,228281,11,2021-04-13,2028-11-17
608,899,Home,64763,11,2020-04-21,2024-12-18
609,665,Auto,354137,11,2024-02-18,2029-07-22
610,744,Home,362465,14,2023-08-29,2026-07-28
611,637,Home,299957,11,2022-07-02,2025-03-28
612,742,Personal,364560,10,2021-12-25,2028-02-09
613,373,Personal,459405,6,2022-04-13,2026-01-10
614,674,Home,272614,12,2024-04-19,2025-01-07
615,670,Auto,129716,15,2020-04-30,2027-07-19
616,88,Auto,273629,9,2023-03-12,2028-08-22
617,448,Auto,124327,14,2022-12-15,2025-06-20
618,763,Home,153551,11,2023-10-24,2026-02-13
619,94,Auto,129482,7,2022-05-18,2025-08-16
620,509,Personal,282792,14,2020-04-04,2027-04-29
621,899,Auto,499760,14,2022-01-15,2026-03-27
622,911,Home,448024,8,2024-07-05,2029-05-10
623,747,Auto,366220,4,2022-11-17,2026-10-22
624,300,Home,312919,12,2022-06-11,2024-12-28
625,454,Personal,91876,6,2020-02-10,2027-09-16
626,791,Personal,469773,4,2022-05-08,2029-01-17
627,47,Personal,450154,4,2024-09-21,2027-08-12
628,194,Personal,486726,12,2021-02-04,2026-08-11
629,620,Home,263704,6,2024-01-06,2029-04-03
630,786,Home,352428,15,2022-08-02,2029-01-08
631,917,Auto,319657,10,2023-09-16,2026-08-30
632,863,Auto,23900,10,2021-04-02,2029-09-09
633,835,Home,220479,7,2022-09-30,2029-05-13
634,116,Home,179356,3,2023-07-04,2025-05-08
635,527,Auto,373874,3,2020-09-02,2025-11-28
636,162,Auto,428322,11,2024-08-15,2026-03-16
637,270,Auto,428143,9,2021-10-22,2026-09-30
638,935,Personal,457672,9,2022-09-09,2025-10-25
639,599,Home,255798,13,2023-02-01,2028-08-05
640,921,Home,457176,3,2024-05-05,2026-08-25
641,469,Auto,210174,13,2022-06-17,2026-09-23
642,251,Home,251276,9,2020-11-07,2028-09-17
643,30,Personal,242034,5,2024-02-24,2028-02-09
644,238,Personal,205571,12,2023-04-10,2028-09-10
645,324,Auto,476472,14,2023-02-24,2025-07-17
646,298,Personal,265545,5,2020-11-29,2025-07-20
647,761,Auto,181283,5,2021-08-23,2028-06-05
648,349,Personal,384856,14,2021-11-09,2029-01-04
649,102,Personal,325922,7,2024-02-26,2027-11-06
650,941,Auto,105065,7,2021-01-23,2025-02-22
651,558,Personal,45225,8,2024-09-01,2028-06-23
652,737,Auto,493217,14,2022-08-22,2026-11-27
653,262,Home,110443,3,2020-02-05,2028-02-22
654,207,Auto,370549,5,2022-01-13,2026-04-14
655,336,Personal,192853,14,2023-12-27,2025-10-07
656,803,Personal,498551,10,2022-03-27,2028-07-20
657,141,Personal,429476,7,2022-01-02,2028-12-09
658,73,Auto,473429,11,2022-10-04,2029-04-13
659,683,Home,384249,10,2023-10-06,2025-05-14
660,806,Personal,361452,11,2020-03-23,2025-06-04
661,612,Auto,252724,10,2020-05-22,2025-12-08
662,675,Personal,457300,5,2023-12-08,2025-01-16
663,545,Personal,154360,7,2022-06-27,2028-07-30
664,782,Home,401849,8,2021-05-10,2028-05-20
665,55,Personal,25401,4,2023-01-11,2027-01-11
666,11,Home,367689,4,2021-04-18,2029-04-11
667,48,Auto,487287,15,2020-03-29,2025-04-27
668,220,Personal,261541,6,2024-07-29,2024-10-31
669,289,Home,246235,10,2020-06-09,2028-03-10
670,478,Home,288117,10,2023-06-24,2028-01-03
671,435,Home,371810,12,2021-03-28,2028-03-14
672,360,Personal,23323,3,2023-03-24,2029-06-23
673,417,Home,286897,5,2023-08-04,2025-11-29
674,37,Personal,247308,12,2021-12-05,2026-07-15
675,669,Personal,196289,10,2024-06-30,2028-05-24
676,298,Personal,379234,10,2023-07-13,2025-07-30
677,853,Auto,63692,7,2022-11-15,2029-03-25
678,688,Personal,285376,5,2022-08-10,2025-12-02
679,537,Home,315889,8,2022-01-18,2028-05-05
680,792,Auto,65740,14,2020-04-11,2028-11-22
681,177,Personal,246226,9,2023-11-02,2026-05-28
682,651,Auto,480007,15,2021-12-19,2027-07-05
683,373,Auto,256932,3,2023-09-29,2026-02-19
684,92,Auto,27312,15,2021-01-19,2027-04-02
685,304,Auto,443698,5,2022-03-07,2026-08-11
686,86,Home,414584,10,2023-09-27,2028-03-12
687,916,Home,224010,15,2023-11-29,2028-04-05
688,549,Auto,397090,9,2024-04-06,2029-06-16
689,795,Personal,63520,3,2024-09-21,2029-05-18
690,86,Auto,494269,12,2023-06-03,2028-08-05
691,844,Home,366421,13,2020-11-30,2026-06-13
692,998,Auto,121342,12,2023-03-21,2027-12-07
693,972,Home,198590,13,2023-01-08,2028-07-17
694,446,Personal,486438,11,2022-03-03,2025-05-27
695,786,Auto,276978,11,2023-04-28,2027-12-25
696,42,Auto,343276,7,2021-05-07,2027-03-20
697,505,Personal,99762,15,2019-11-20,2026-06-04
698,313,Personal,357708,13,2022-10-30,2025-03-17
699,423,Auto,71928,11,2021-06-06,2027-04-17
700,541,Personal,361332,8,2022-09-06,2026-02-03
701,298,Auto,416711,8,2024-08-11,2026-05-05
702,787,Home,343411,3,2021-09-19,2027-07-28
703,585,Home,74407,9,2019-11-27,2027-02-13
704,779,Personal,103507,13,2022-05-07,2028-10-19
705,782,Auto,176411,8,2021-03-25,2029-05-18
706,617,Auto,208245,12,2023-01-12,2029-08-05
707,845,Personal,358309,14,2020-04-10,2027-11-19
708,840,Auto,349270,3,2020-08-23,2029-08-09
709,960,Home,422846,14,2023-11-16,2027-01-16
710,963,Home,198950,7,2020-06-19,2028-01-11
711,573,Home,206122,6,2022-04-11,2028-05-16
712,920,Home,102011,10,2024-02-03,2029-04-09
713,360,Home,189617,6,2021-03-08,2026-10-30
714,582,Auto,75488,5,2024-09-15,2024-10-12
715,647,Auto,316789,4,2020-06-12,2026-01-20
716,570,Personal,21236,11,2020-03-25,2026-09-08
717,73,Auto,353840,4,2024-05-29,2026-03-03
718,576,Auto,33928,7,2021-08-08,2029-07-06
719,171,Auto,21773,6,2022-03-10,2029-07-04
720,703,Personal,292945,3,2023-09-11,2027-01-22
721,594,Home,103577,11,2024-07-14,2026-12-12
722,508,Auto,122906,9,2023-06-11,2028-02-10
723,619,Home,136348,13,2020-06-20,2026-05-02
724,779,Home,351953,10,2021-08-11,2024-12-08
725,140,Auto,417691,11,2021-04-22,2026-10-09
726,748,Home,127920,7,2021-08-11,2026-12-24
727,436,Home,179758,8,2022-02-26,2029-09-07
728,967,Auto,455219,6,2022-01-12,2027-07-04
729,123,Home,84387,4,2019-11-25,2028-10-12
730,641,Auto,199217,15,2023-10-02,2028-04-13
731,277,Personal,265637,11,2019-10-13,2029-08-21
732,47,Home,122228,3,2021-07-24,2025-12-31
733,994,Personal,337153,6,2024-03-07,2027-09-08
734,545,Auto,240823,3,2024-01-04,2027-12-15
735,77,Home,312991,3,2022-07-05,2027-12-17
736,852,Home,330966,10,2022-10-17,2029-07-12
737,158,Auto,280991,3,2019-10-25,2026-06-30
738,655,Home,116301,15,2023-05-03,2025-12-05
739,887,Auto,74963,8,2020-06-12,2026-12-19
740,619,Personal,176891,3,2022-03-11,2026-11-09
741,349,Personal,145093,12,2023-03-12,2029-02-18
742,751,Home,364167,13,2021-12-15,2024-11-19
743,90,Auto,333167,7,2024-02-16,2026-05-05
744,620,Auto,395412,15,2024-04-01,2029-04-01
745,997,Auto,16928,7,2024-07-23,2025-08-23
746,102,Auto,53203,9,2022-06-30,2026-04-17
747,677,Auto,78645,12,2023-06-18,2029-09-22
748,477,Home,404488,10,2021-01-14,2028-08-05
749,100,Auto,282625,4,2024-02-15,2028-09-26
750,143,Home,269216,10,2023-11-02,2029-01-16
751,194,Auto,100268,10,2021-12-14,2026-09-27
752,735,Auto,264397,4,2020-09-22,2029-04-23
753,221,Home,118658,4,2020-01-12,2029-07-06
754,204,Auto,186793,4,2024-06-12,2026-11-26
755,443,Personal,481598,14,2023-07-09,2027-07-03
756,186,Home,459553,14,2021-04-02,2026-07-26
757,522,Auto,108649,12,2022-03-13,2027-11-17
758,435,Home,221108,9,2019-11-23,2026-10-27
759,859,Home,391180,5,2021-04-07,2026-01-26
760,733,Personal,259654,8,2023-03-24,2026-07-08
761,443,Auto,174189,5,2021-12-02,2027-11-05
762,777,Home,44348,6,2024-09-09,2024-12-17
763,102,Personal,341250,5,2024-03-15,2027-04-26
764,251,Personal,126789,3,2020-02-25,2028-02-02
765,629,Home,429314,9,2023-09-28,2024-10-11
766,925,Home,408166,6,2021-03-31,2027-03-01
767,106,Auto,485172,8,2022-11-19,2026-11-25
768,73,Home,449383,3,2020-09-29,2026-01-15
769,70,Personal,474832,14,2024-03-01,2025-04-18
770,879,Auto,435186,12,2021-05-03,2027-01-16
771,543,Home,41515,12,2022-10-02,2026-04-17
772,361,Personal,294291,10,2023-11-18,2029-06-08
773,277,Home,265792,6,2020-11-15,2025-07-25
774,104,Auto,289371,10,2019-10-05,2026-05-14
775,914,Auto,277112,8,2023-08-23,2025-07-09
776,722,Auto,316300,10,2023-10-14,2029-04-04
777,833,Personal,156296,10,2020-11-27,2026-01-10
778,96,Personal,334116,6,2024-08-09,2027-08-20
779,875,Home,485043,15,2024-05-02,2028-01-15
780,317,Home,48961,10,2022-06-02,2026-12-02
781,777,Auto,149185,4,2023-01-13,2025-07-29
782,123,Auto,144354,8,2022-05-27,2026-07-19
783,713,Home,240773,10,2020-04-22,2029-02-03
784,981,Personal,173560,6,2024-07-11,2025-05-04
785,103,Home,359835,11,2020-09-29,2027-01-08
786,331,Personal,204614,12,2024-08-29,2026-01-26
787,614,Auto,203307,15,2023-05-10,2026-09-20
788,567,Personal,376866,10,2023-02-19,2029-03-17
789,246,Personal,58632,6,2020-05-25,2028-11-16
790,129,Auto,75825,10,2020-12-31,2027-03-05
791,190,Personal,28972,7,2023-11-13,2028-09-04
792,981,Auto,269891,15,2020-07-05,2026-01-17
793,559,Home,291315,10,2020-11-19,2026-04-20
794,531,Auto,100406,13,2020-04-25,2029-08-30
795,46,Home,141677,11,2023-06-21,2028-01-17
796,3,Personal,231463,13,2020-05-04,2029-04-22
797,654,Personal,416955,13,2021-08-13,2026-05-04
798,766,Auto,342270,11,2022-12-19,2024-12-22
799,563,Home,103857,5,2020-12-16,2026-10-08
800,674,Home,260345,15,2022-01-20,2027-06-14
801,436,Auto,199665,13,2022-03-25,2025-10-16
802,123,Home,263004,12,2023-05-27,2028-11-16
803,16,Home,335822,3,2021-09-28,2025-01-12
804,176,Personal,97622,3,2024-04-25,2028-01-28
805,979,Personal,272065,7,2023-01-09,2026-11-11
806,660,Auto,234836,6,2020-02-29,2025-02-28
807,176,Auto,204390,5,2022-08-06,2026-10-06
808,31,Auto,346850,6,2023-05-16,2027-04-18
809,765,Auto,88020,7,2021-01-01,2028-04-12
810,605,Home,447799,7,2024-03-25,2025-08-10
811,234,Auto,193616,13,2024-03-20,2028-08-29
812,676,Home,298676,3,2023-12-09,2024-10-30
813,712,Personal,168414,10,2022-07-24,2027-02-20
814,757,Auto,351363,11,2022-04-17,2028-03-11
815,770,Personal,314347,4,2023-10-17,2027-05-03
816,459,Home,325793,10,2023-08-15,2026-09-16
817,6,Home,446682,5,2020-02-21,2028-05-26
818,287,Auto,297149,4,2020-03-04,2028-07-23
819,993,Auto,241939,8,2021-05-25,2028-09-14
820,740,Home,209114,11,2020-01-06,2026-12-26
821,212,Personal,113873,8,2023-06-05,2027-02-17
822,797,Auto,196362,11,2020-07-29,2029-06-06
823,973,Personal,292353,3,2022-04-16,2028-10-07
824,832,Personal,179118,4,2022-11-26,2026-11-17
825,638,Home,378577,4,2020-02-21,2028-09-04
826,777,Home,254593,3,2020-05-30,2028-11-07
827,21,Auto,96932,4,2021-01-12,2025-06-04
828,475,Personal,499480,6,2024-04-06,2026-03-20
829,121,Personal,446715,7,2022-10-18,2027-03-27
830,782,Personal,484019,4,2023-04-14,2026-07-19
831,257,Auto,343424,10,2023-12-11,2028-02-21
832,719,Home,43966,13,2023-05-18,2025-12-14
833,897,Home,117357,8,2023-03-23,2028-08-04
834,306,Auto,317117,5,2024-09-17,2027-04-29
835,500,Personal,142796,6,2024-04-19,2025-08-04
836,14,Home,128615,14,2021-05-11,2028-05-13
837,365,Home,367590,11,2020-02-24,2028-03-31
838,740,Personal,422251,12,2023-12-22,2027-02-03
839,74,Home,393355,12,2024-04-19,2029-09-10
840,0,Home,461344,11,2024-02-12,2028-10-14
841,111,Auto,164430,11,2020-08-25,2026-04-28
842,942,Home,216218,13,2022-10-07,2029-08-08
843,672,Home,263461,8,2022-07-27,2029-01-15
844,754,Auto,47776,9,2024-04-15,2026-02-26
845,861,Home,44026,8,2023-02-23,2025-11-25
846,654,Home,331608,13,2020-09-29,2026-06-29
847,8,Auto,57675,3,2020-07-27,2028-01-09
848,872,Personal,472437,3,2023-12-05,2025-10-28
849,852,Personal,43571,5,2021-07-09,2026-01-06
850,121,Auto,286814,8,2020-11-07,2025-09-12
851,247,Home,471985,14,2019-12-22,2027-12-27
852,699,Auto,418711,8,2020-04-21,2025-08-31
853,963,Auto,356867,8,2022-02-17,2026-04-06
854,804,Personal,21306,11,2022-04-28,2025-03-11
855,345,Home,63845,3,2023-11-20,2029-09-05
856,518,Personal,177287,12,2020-04-27,2026-05-07
857,953,Home,90675,11,2021-02-13,2029-08-14
858,999,Home,32853,9,2024-05-11,2025-01-16
859,856,Auto,243084,6,2022-02-23,2024-12-04
860,37,Home,485508,6,2019-11-22,2025-10-30
861,518,Auto,498243,14,2020-04-08,2026-06-20
862,739,Personal,89397,13,2024-05-01,2026-03-02
863,808,Auto,138599,8,2022-03-25,2028-10-29
864,729,Personal,476854,13,2021-08-31,2025-07-26
865,126,Home,398299,13,2023-02-14,2028-09-10
866,784,Home,361510,5,2019-11-17,2029-03-31
867,920,Auto,313156,3,2023-10-22,2028-06-21
868,699,Personal,494693,7,2024-05-15,2026-05-30
869,640,Auto,27646,12,2020-04-21,2026-02-25
870,832,Auto,237753,11,2024-01-28,2027-12-15
871,750,Auto,349133,13,2021-10-12,2026-01-04
872,353,Personal,390568,7,2023-03-06,2026-06-05
873,356,Auto,339658,12,2021-06-11,2026-07-07
874,100,Home,178361,3,2021-02-10,2024-12-12
875,828,Personal,312991,10,2021-10-10,2026-08-22
876,167,Auto,317239,6,2021-11-03,2029-06-16
877,107,Home,26604,6,2022-05-01,2025-10-11
878,324,Home,61833,5,2021-04-22,2027-03-17
879,965,Home,194522,7,2024-05-28,2028-01-07
880,857,Personal,436475,12,2023-12-23,2027-08-23
881,902,Home,216870,3,2023-01-28,2025-06-04
882,655,Personal,25566,15,2021-09-21,2028-11-16
883,419,Home,240296,8,2023-10-02,2029-02-03
884,519,Home,141581,5,2021-05-05,2027-08-15
885,539,Auto,81205,8,2019-10-18,2029-06-29
886,294,Auto,446660,8,2022-05-28,2025-07-08
887,233,Auto,96826,13,2024-01-12,2027-05-15
888,662,Home,310019,15,2021-09-11,2029-06-29
889,243,Home,346070,8,2024-09-02,2025-01-05
890,590,Home,366525,6,2019-12-04,2026-03-27
891,408,Personal,365457,11,2022-03-05,2025-11-01
892,3,Auto,313629,9,2022-02-11,2024-10-30
893,96,Auto,301692,13,2022-02-10,2027-05-27
894,584,Home,93542,5,2022-10-05,2028-12-15
895,304,Personal,152335,11,2022-07-20,2027-09-25
896,339,Personal,113108,9,2022-05-04,2025-03-19
897,340,Home,136651,3,2024-08-20,2026-10-13
898,340,Auto,424161,6,2022-11-11,2025-10-16
899,671,Auto,71697,7,2022-04-27,2028-01-02
900,439,Auto,362983,9,2021-09-28,2028-10-07
901,29,Home,27388,10,2021-10-30,2026-04-04
902,742,Auto,99831,8,2023-04-24,2026-04-30
903,340,Home,18934,4,2021-05-05,2028-12-28
904,278,Home,221031,13,2020-12-25,2025-09-09
905,561,Home,234618,14,2022-06-20,2029-06-12
906,902,Auto,227322,11,2022-05-19,2025-08-01
907,207,Personal,343968,3,2022-04-15,2029-02-25
908,313,Personal,129450,9,2023-04-16,2028-10-31
909,180,Auto,496640,3,2019-10-03,2027-08-23
910,943,Home,451659,14,2022-06-04,2027-01-02
911,350,Home,35638,4,2020-04-08,2026-01-11
912,161,Home,97863,3,2021-10-12,2029-06-29
913,20,Home,107626,7,2020-05-20,2028-09-05
914,566,Personal,222864,4,2022-10-01,2027-02-02
915,635,Auto,106563,3,2020-04-12,2027-01-31
916,377,Home,37607,8,2023-08-23,2025-03-02
917,804,Personal,70152,10,2022-07-13,2025-03-31
918,35,Auto,409344,7,2019-10-18,2028-01-29
919,595,Auto,310061,11,2022-08-11,2028-02-14
920,305,Personal,451079,14,2022-04-11,2027-03-26
921,272,Home,125411,9,2021-12-14,2027-08-27
922,381,Home,426713,3,2024-08-11,2028-11-29
923,50,Home,275629,12,2022-08-25,2028-11-26
924,267,Personal,421688,8,2021-02-18,2024-10-13
925,760,Personal,433420,14,2022-07-16,2027-11-07
926,952,Personal,287014,10,2021-05-22,2029-02-10
927,685,Auto,196427,6,2020-02-12,2025-03-29
928,920,Auto,276764,14,2022-02-08,2027-09-23
929,396,Auto,208252,4,2024-08-05,2028-03-28
930,247,Auto,297914,4,2021-12-03,2027-08-22
931,152,Personal,436891,7,2023-06-05,2025-06-05
932,894,Personal,440893,10,2022-10-09,2026-05-26
933,797,Home,127775,10,2023-12-10,2027-08-24
934,999,Home,103509,14,2023-01-22,2029-02-12
935,720,Personal,434585,11,2024-01-10,2025-12-05
936,894,Personal,492773,6,2020-09-19,2025-09-16
937,629,Auto,332222,9,2020-10-27,2029-02-19
938,731,Home,12640,10,2022-08-12,2026-07-11
939,108,Auto,183213,10,2023-03-02,2027-03-09
940,968,Home,332779,9,2021-04-07,2026-11-21
941,676,Home,186413,14,2021-01-30,2026-11-06
942,611,Personal,202807,4,2020-06-26,2028-05-07
943,496,Personal,75763,12,2020-01-07,2027-02-05
944,582,Auto,37910,10,2022-11-18,2028-06-03
945,60,Personal,476459,4,2023-03-24,2029-09-13
946,574,Home,116423,11,2023-03-01,2026-01-01
947,335,Personal,71083,3,2024-06-08,2028-12-01
948,86,Auto,303295,10,2024-01-13,2029-08-22
949,573,Auto,200322,4,2024-07-14,2029-05-25
950,611,Auto,289380,10,2022-12-19,2027-09-04
951,805,Auto,99059,10,2024-07-16,2027-03-02
952,601,Personal,345866,14,2020-11-09,2025-12-30
953,811,Auto,422976,14,2020-05-09,2026-06-16
954,108,Personal,56897,12,2024-02-23,2025-03-13
955,164,Home,352611,11,2021-09-24,2027-10-02
956,124,Auto,264228,13,2023-01-14,2027-11-30
957,818,Home,182768,4,2023-02-04,2028-04-20
958,189,Home,241599,12,2022-07-04,2027-07-03
959,192,Personal,199207,15,2021-04-09,2025-10-22
960,41,Personal,298947,12,2020-04-21,2028-06-12
961,445,Home,348956,8,2022-08-07,2026-11-23
962,144,Home,459051,10,2024-01-22,2026-03-08
963,614,Auto,344825,8,2022-11-14,2028-09-06
964,465,Auto,244567,6,2020-05-17,2025-04-29
965,864,Home,145720,8,2023-12-31,2028-09-03
966,140,Auto,314140,6,2023-07-13,2026-08-03
967,781,Auto,373314,7,2023-11-03,2029-07-06
968,677,Home,323790,8,2022-08-14,2026-08-12
969,107,Home,131993,11,2023-02-12,2029-04-07
970,768,Home,237069,15,2019-11-06,2026-09-01
971,297,Home,430510,12,2020-12-05,2025-09-17
972,709,Auto,320821,10,2021-10-28,2027-08-29
973,96,Home,479287,9,2022-03-19,2028-05-27
974,545,Auto,222025,7,2024-05-25,2028-10-02
975,985,Personal,343141,12,2022-10-22,2027-07-28
976,768,Personal,312522,5,2022-12-27,2026-04-18
977,870,Personal,390178,12,2022-01-18,2027-10-05
978,859,Personal,498809,8,2023-04-12,2026-05-18
979,539,Personal,188814,11,2020-11-24,2027-01-31
980,184,Personal,244196,3,2019-11-02,2025-04-22
981,787,Auto,87831,5,2023-03-02,2028-05-19
982,642,Auto,304447,15,2021-11-21,2027-11-04
983,68,Home,14206,5,2019-11-20,2026-08-24
984,821,Home,367194,7,2023-10-25,2027-12-29
985,576,Auto,69649,15,2022-08-09,2028-07-06
986,631,Auto,337961,5,2023-10-07,2025-05-21
987,544,Auto,392032,8,2022-12-26,2027-08-24
988,930,Auto,478067,5,2022-09-26,2027-06-08
989,780,Auto,409849,10,2021-06-26,2027-09-07
990,331,Auto,413777,15,2020-06-09,2027-11-16
991,268,Personal,295459,15,2020-06-19,2029-02-20
992,697,Home,322429,3,2020-08-05,2026-03-02
993,849,Personal,496234,9,2022-01-30,2025-05-30
994,722,Personal,322943,13,2024-06-02,2027-03-04
995,199,Home,72771,10,2022-10-16,2026-09-13
996,849,Personal,494633,4,2020-11-21,2027-02-14
997,740,Home,68141,9,2020-07-03,2025-02-09
998,531,Home,432559,7,2021-01-25,2029-04-09
999,150,Home,411066,9,2023-11-22,2028-08-15
